id,category
1438.jpeg,cane
2270.jpeg,gallina
146.jpeg,pecora
1683.jpeg,farfalla
1886.jpeg,pecora
3069.jpeg,cavallo
568.jpeg,farfalla
3332.jpeg,gallina
4576.jpeg,farfalla
1217.jpeg,cane
4531.jpeg,cavallo
2533.jpeg,scoiattolo
1871.jpeg,cane
4675.jpeg,cane
705.jpeg,farfalla
1046.jpeg,gallina
1693.jpeg,ragno
1052.jpeg,farfalla
3830.jpeg,pecora
686.jpeg,gallina
40.jpeg,cavallo
246.jpeg,ragno
2768.jpeg,ragno
182.jpeg,gallina
3810.jpeg,cavallo
2027.jpeg,gallina
1.jpeg,cane
1122.jpeg,ragno
1400.jpeg,gallina
3193.jpeg,gallina
1330.jpeg,cane
631.jpeg,cane
4757.jpeg,gallina
13.jpeg,gallina
253.jpeg,pecora
4480.jpeg,cavallo
4906.jpeg,pecora
2839.jpeg,cane
2167.jpeg,pecora
2957.jpeg,pecora
2555.jpeg,cane
4744.jpeg,pecora
3406.jpeg,scoiattolo
3145.jpeg,cane
3308.jpeg,cane
4357.jpeg,pecora
4778.jpeg,cane
3900.jpeg,gallina
3030.jpeg,gallina
2638.jpeg,cane
1840.jpeg,pecora
12.jpeg,gallina
448.jpeg,ragno
976.jpeg,farfalla
3525.jpeg,gatto
2219.jpeg,gallina
2038.jpeg,gallina
3801.jpeg,gallina
1857.jpeg,cane
1979.jpeg,gallina
3255.jpeg,cane
1555.jpeg,elefante
4211.jpeg,gallina
2934.jpeg,cane
4401.jpeg,gallina
2353.jpeg,cane
4112.jpeg,cane
3907.jpeg,cane
3549.jpeg,pecora
1346.jpeg,gallina
1706.jpeg,gallina
4012.jpeg,cane
2075.jpeg,gallina
2589.jpeg,cane
990.jpeg,gallina
539.jpeg,scoiattolo
1674.jpeg,pecora
3630.jpeg,scoiattolo
2904.jpeg,cane
4440.jpeg,cavallo
3983.jpeg,cane
683.jpeg,farfalla
1878.jpeg,farfalla
4559.jpeg,cavallo
985.jpeg,ragno
377.jpeg,farfalla
2220.jpeg,cane
1997.jpeg,pecora
31.jpeg,mucca
4514.jpeg,pecora
3640.jpeg,pecora
2071.jpeg,cane
2816.jpeg,cavallo
511.jpeg,pecora
405.jpeg,pecora
3376.jpeg,cane
1621.jpeg,mucca
1590.jpeg,gallina
3025.jpeg,pecora
1075.jpeg,mucca
4460.jpeg,cavallo
1877.jpeg,pecora
1920.jpeg,pecora
1943.jpeg,gallina
1985.jpeg,cane
3024.jpeg,gallina
3048.jpeg,cane
612.jpeg,pecora
3749.jpeg,gallina
1102.jpeg,gallina
3662.jpeg,pecora
1885.jpeg,gallina
1910.jpeg,ragno
3113.jpeg,gallina
3819.jpeg,pecora
1198.jpeg,pecora
4058.jpeg,pecora
3615.jpeg,mucca
3651.jpeg,mucca
3312.jpeg,pecora
1752.jpeg,gallina
532.jpeg,cavallo
3303.jpeg,pecora
2789.jpeg,ragno
4669.jpeg,mucca
2608.jpeg,cane
37.jpeg,ragno
3803.jpeg,pecora
3814.jpeg,cane
2967.jpeg,pecora
1853.jpeg,pecora
4436.jpeg,cane
3395.jpeg,gallina
3521.jpeg,pecora
995.jpeg,pecora
2256.jpeg,farfalla
3217.jpeg,pecora
1083.jpeg,scoiattolo
3683.jpeg,gallina
4225.jpeg,gallina
300.jpeg,cane
4835.jpeg,pecora
280.jpeg,pecora
2686.jpeg,pecora
3553.jpeg,elefante
2465.jpeg,ragno
1847.jpeg,gallina
2872.jpeg,pecora
3268.jpeg,gallina
1747.jpeg,gallina
4452.jpeg,pecora
1348.jpeg,mucca
1342.jpeg,gallina
3159.jpeg,pecora
4937.jpeg,gallina
710.jpeg,elefante
462.jpeg,gallina
869.jpeg,cane
2703.jpeg,pecora
4955.jpeg,cavallo
1108.jpeg,gallina
3812.jpeg,gallina
3535.jpeg,cane
1168.jpeg,farfalla
548.jpeg,gallina
2261.jpeg,cane
2160.jpeg,gallina
593.jpeg,mucca
339.jpeg,pecora
4522.jpeg,ragno
2290.jpeg,cane
3046.jpeg,mucca
3516.jpeg,cane
4278.jpeg,gallina
719.jpeg,gallina
3668.jpeg,cane
173.jpeg,cane
4802.jpeg,pecora
344.jpeg,cane
1537.jpeg,gallina
4546.jpeg,pecora
3948.jpeg,cane
4473.jpeg,ragno
1218.jpeg,farfalla
3997.jpeg,gallina
1399.jpeg,cane
4827.jpeg,cavallo
973.jpeg,gallina
1405.jpeg,gallina
4849.jpeg,gallina
3758.jpeg,farfalla
3855.jpeg,gallina
4865.jpeg,scoiattolo
618.jpeg,cane
1473.jpeg,mucca
3160.jpeg,pecora
2785.jpeg,gallina
1994.jpeg,elefante
2253.jpeg,pecora
170.jpeg,farfalla
4475.jpeg,gallina
1492.jpeg,elefante
1170.jpeg,pecora
4388.jpeg,gallina
4240.jpeg,gallina
4839.jpeg,cane
4741.jpeg,cavallo
546.jpeg,cane
937.jpeg,mucca
4706.jpeg,gallina
149.jpeg,cavallo
335.jpeg,cane
1532.jpeg,cavallo
4110.jpeg,cavallo
3466.jpeg,cane
3484.jpeg,farfalla
249.jpeg,pecora
1531.jpeg,ragno
3260.jpeg,scoiattolo
2542.jpeg,mucca
1843.jpeg,elefante
3705.jpeg,cane
570.jpeg,cane
4044.jpeg,gallina
4059.jpeg,pecora
2264.jpeg,pecora
3021.jpeg,cane
4702.jpeg,cavallo
3210.jpeg,mucca
4299.jpeg,pecora
534.jpeg,pecora
420.jpeg,gallina
4108.jpeg,pecora
3825.jpeg,cane
3890.jpeg,elefante
1931.jpeg,cane
3930.jpeg,pecora
4695.jpeg,cavallo
2121.jpeg,pecora
3366.jpeg,mucca
1357.jpeg,gallina
2987.jpeg,cane
1098.jpeg,gallina
4363.jpeg,scoiattolo
2431.jpeg,cane
1145.jpeg,scoiattolo
2361.jpeg,ragno
2154.jpeg,pecora
3908.jpeg,mucca
3793.jpeg,gallina
1665.jpeg,gallina
3624.jpeg,scoiattolo
2993.jpeg,mucca
1726.jpeg,pecora
3125.jpeg,gallina
3724.jpeg,gallina
1185.jpeg,mucca
4915.jpeg,pecora
716.jpeg,gallina
274.jpeg,gallina
2063.jpeg,mucca
4664.jpeg,gallina
127.jpeg,gallina
2786.jpeg,farfalla
922.jpeg,gallina
4296.jpeg,gallina
1516.jpeg,gallina
2230.jpeg,farfalla
3681.jpeg,pecora
3646.jpeg,elefante
2458.jpeg,cane
4517.jpeg,cane
1169.jpeg,gallina
4147.jpeg,cane
4229.jpeg,farfalla
3438.jpeg,cane
4696.jpeg,cavallo
3947.jpeg,farfalla
4450.jpeg,elefante
2182.jpeg,farfalla
4138.jpeg,pecora
4114.jpeg,cane
2503.jpeg,cavallo
1707.jpeg,pecora
268.jpeg,cane
3421.jpeg,gallina
2132.jpeg,cane
4322.jpeg,cane
3962.jpeg,pecora
3838.jpeg,pecora
43.jpeg,scoiattolo
3513.jpeg,cavallo
608.jpeg,pecora
4756.jpeg,cane
3652.jpeg,scoiattolo
3270.jpeg,gallina
1799.jpeg,mucca
4414.jpeg,pecora
345.jpeg,pecora
812.jpeg,gallina
3079.jpeg,cavallo
1995.jpeg,cavallo
456.jpeg,pecora
360.jpeg,ragno
2597.jpeg,gallina
3179.jpeg,cane
489.jpeg,mucca
2633.jpeg,gallina
3561.jpeg,cane
698.jpeg,cane
2024.jpeg,pecora
4031.jpeg,pecora
2193.jpeg,scoiattolo
4034.jpeg,farfalla
858.jpeg,mucca
3409.jpeg,gallina
3967.jpeg,gallina
1440.jpeg,cavallo
310.jpeg,pecora
624.jpeg,farfalla
723.jpeg,elefante
4636.jpeg,mucca
1003.jpeg,pecora
1423.jpeg,pecora
3820.jpeg,gallina
1449.jpeg,cane
2681.jpeg,cane
1526.jpeg,cane
1129.jpeg,cane
68.jpeg,pecora
2377.jpeg,pecora
4376.jpeg,pecora
1427.jpeg,gallina
4184.jpeg,gallina
2523.jpeg,pecora
480.jpeg,farfalla
2275.jpeg,pecora
4238.jpeg,scoiattolo
4004.jpeg,mucca
3697.jpeg,gallina
1730.jpeg,gallina
868.jpeg,gatto
3970.jpeg,pecora
3650.jpeg,cane
4814.jpeg,pecora
2853.jpeg,farfalla
3109.jpeg,mucca
2753.jpeg,cane
450.jpeg,mucca
3905.jpeg,farfalla
762.jpeg,mucca
565.jpeg,cane
2499.jpeg,cane
3469.jpeg,gallina
3657.jpeg,pecora
1864.jpeg,pecora
2684.jpeg,ragno
2418.jpeg,gallina
1375.jpeg,scoiattolo
2661.jpeg,pecora
1125.jpeg,elefante
1610.jpeg,farfalla
2102.jpeg,mucca
3563.jpeg,gallina
1048.jpeg,cavallo
2939.jpeg,gallina
4842.jpeg,gallina
258.jpeg,gallina
4188.jpeg,cane
1788.jpeg,gallina
2381.jpeg,cavallo
3143.jpeg,pecora
2497.jpeg,cane
3199.jpeg,scoiattolo
4770.jpeg,elefante
2729.jpeg,gallina
2323.jpeg,cane
2963.jpeg,cane
724.jpeg,cane
1472.jpeg,cane
2272.jpeg,pecora
4858.jpeg,cane
4982.jpeg,scoiattolo
2992.jpeg,pecora
74.jpeg,pecora
3258.jpeg,elefante
2613.jpeg,cane
1231.jpeg,mucca
394.jpeg,gallina
1644.jpeg,pecora
2590.jpeg,pecora
2240.jpeg,gallina
2099.jpeg,cane
3253.jpeg,ragno
3785.jpeg,pecora
628.jpeg,cane
1422.jpeg,mucca
157.jpeg,farfalla
114.jpeg,pecora
545.jpeg,gallina
356.jpeg,gallina
3614.jpeg,farfalla
48.jpeg,cane
2675.jpeg,gallina
3252.jpeg,gallina
3745.jpeg,gallina
3828.jpeg,pecora
376.jpeg,farfalla
4223.jpeg,cane
1695.jpeg,gallina
1139.jpeg,gallina
4667.jpeg,cavallo
1468.jpeg,pecora
4611.jpeg,ragno
737.jpeg,cane
1131.jpeg,cane
2030.jpeg,elefante
2307.jpeg,cane
4145.jpeg,scoiattolo
3587.jpeg,gallina
1310.jpeg,scoiattolo
2313.jpeg,elefante
374.jpeg,scoiattolo
2949.jpeg,cane
3709.jpeg,pecora
230.jpeg,gallina
4686.jpeg,cane
1187.jpeg,gatto
3735.jpeg,pecora
649.jpeg,ragno
3942.jpeg,pecora
4792.jpeg,gallina
1911.jpeg,elefante
844.jpeg,cane
3870.jpeg,gallina
748.jpeg,elefante
3969.jpeg,ragno
3530.jpeg,pecora
963.jpeg,mucca
2416.jpeg,mucca
2425.jpeg,scoiattolo
160.jpeg,pecora
2149.jpeg,cane
1980.jpeg,cane
3154.jpeg,pecora
364.jpeg,gallina
2035.jpeg,farfalla
708.jpeg,pecora
767.jpeg,pecora
4447.jpeg,cane
76.jpeg,cane
746.jpeg,gallina
1146.jpeg,gallina
2276.jpeg,gatto
2989.jpeg,scoiattolo
829.jpeg,gallina
2025.jpeg,cane
520.jpeg,mucca
1827.jpeg,cavallo
333.jpeg,pecora
2462.jpeg,cane
2243.jpeg,ragno
1206.jpeg,pecora
1515.jpeg,gallina
3464.jpeg,farfalla
1828.jpeg,mucca
3381.jpeg,scoiattolo
1257.jpeg,cavallo
2796.jpeg,scoiattolo
1215.jpeg,gallina
1649.jpeg,mucca
3902.jpeg,scoiattolo
3658.jpeg,ragno
2179.jpeg,pecora
4615.jpeg,mucca
4728.jpeg,cane
1708.jpeg,pecora
1073.jpeg,cane
4844.jpeg,cane
2827.jpeg,gallina
2362.jpeg,cane
4679.jpeg,pecora
4113.jpeg,cavallo
854.jpeg,cavallo
540.jpeg,cane
1793.jpeg,cane
4352.jpeg,elefante
3612.jpeg,pecora
4884.jpeg,gallina
909.jpeg,pecora
4821.jpeg,gallina
476.jpeg,pecora
3161.jpeg,gallina
1271.jpeg,gallina
3342.jpeg,cane
164.jpeg,mucca
1945.jpeg,gatto
4091.jpeg,pecora
2646.jpeg,gallina
4603.jpeg,cane
4364.jpeg,gallina
2158.jpeg,pecora
1779.jpeg,pecora
4392.jpeg,gallina
4307.jpeg,cane
943.jpeg,cane
2737.jpeg,gallina
2324.jpeg,pecora
2663.jpeg,gallina
3684.jpeg,cane
216.jpeg,mucca
969.jpeg,cane
2564.jpeg,gallina
1112.jpeg,gallina
2168.jpeg,cane
2953.jpeg,cane
2995.jpeg,farfalla
1762.jpeg,gallina
1057.jpeg,cane
688.jpeg,cane
3097.jpeg,farfalla
497.jpeg,ragno
596.jpeg,gallina
2630.jpeg,gallina
1321.jpeg,cane
4338.jpeg,mucca
2655.jpeg,gallina
2310.jpeg,gallina
3914.jpeg,gallina
87.jpeg,cavallo
18.jpeg,cane
4323.jpeg,pecora
304.jpeg,scoiattolo
282.jpeg,farfalla
3117.jpeg,gallina
1519.jpeg,cane
286.jpeg,cane
4008.jpeg,mucca
45.jpeg,mucca
3404.jpeg,gallina
208.jpeg,gallina
4203.jpeg,pecora
3520.jpeg,pecora
951.jpeg,elefante
1612.jpeg,ragno
3702.jpeg,mucca
3473.jpeg,farfalla
441.jpeg,pecora
204.jpeg,ragno
595.jpeg,scoiattolo
3759.jpeg,gallina
701.jpeg,cane
1274.jpeg,gallina
987.jpeg,pecora
4718.jpeg,gallina
2841.jpeg,pecora
2942.jpeg,gallina
4768.jpeg,gallina
3762.jpeg,gallina
2921.jpeg,pecora
4862.jpeg,cavallo
3463.jpeg,gallina
1844.jpeg,cane
984.jpeg,ragno
1513.jpeg,cane
95.jpeg,gallina
1722.jpeg,pecora
3753.jpeg,cane
2849.jpeg,pecora
611.jpeg,ragno
135.jpeg,elefante
2095.jpeg,gallina
4221.jpeg,pecora
1315.jpeg,gallina
1605.jpeg,pecora
4360.jpeg,cane
2759.jpeg,mucca
1810.jpeg,ragno
1949.jpeg,pecora
464.jpeg,mucca
496.jpeg,mucca
4320.jpeg,gallina
3512.jpeg,ragno
1345.jpeg,pecora
2811.jpeg,farfalla
4910.jpeg,cane
3299.jpeg,pecora
749.jpeg,cane
4285.jpeg,pecora
2352.jpeg,cane
4228.jpeg,pecora
1148.jpeg,pecora
144.jpeg,pecora
1543.jpeg,pecora
4337.jpeg,gallina
1733.jpeg,mucca
1650.jpeg,gallina
4727.jpeg,gallina
3613.jpeg,farfalla
2215.jpeg,gallina
3653.jpeg,gallina
564.jpeg,gallina
390.jpeg,cane
3353.jpeg,pecora
4776.jpeg,ragno
140.jpeg,pecora
629.jpeg,mucca
3186.jpeg,elefante
166.jpeg,cane
1029.jpeg,gallina
4270.jpeg,gallina
1669.jpeg,cane
4132.jpeg,elefante
637.jpeg,pecora
2466.jpeg,scoiattolo
1893.jpeg,cane
3611.jpeg,pecora
2221.jpeg,gallina
4425.jpeg,gallina
4185.jpeg,gallina
237.jpeg,cane
2784.jpeg,elefante
3637.jpeg,mucca
2277.jpeg,mucca
4777.jpeg,cane
729.jpeg,scoiattolo
1302.jpeg,cavallo
1313.jpeg,elefante
4975.jpeg,pecora
2299.jpeg,gallina
4463.jpeg,gallina
2303.jpeg,cane
2539.jpeg,elefante
1785.jpeg,cane
199.jpeg,cane
4619.jpeg,farfalla
4242.jpeg,scoiattolo
3251.jpeg,mucca
3098.jpeg,pecora
1632.jpeg,cavallo
1987.jpeg,mucca
1028.jpeg,cane
864.jpeg,ragno
4148.jpeg,pecora
3280.jpeg,cane
3185.jpeg,pecora
3478.jpeg,ragno
459.jpeg,pecora
2894.jpeg,cane
219.jpeg,mucca
3831.jpeg,gallina
3608.jpeg,gallina
4443.jpeg,ragno
823.jpeg,scoiattolo
2153.jpeg,mucca
2000.jpeg,pecora
2252.jpeg,mucca
2572.jpeg,gallina
1969.jpeg,gallina
1199.jpeg,scoiattolo
4951.jpeg,cane
3704.jpeg,farfalla
1967.jpeg,pecora
609.jpeg,ragno
402.jpeg,cane
4569.jpeg,cane
3584.jpeg,farfalla
885.jpeg,cane
4793.jpeg,mucca
3502.jpeg,mucca
2708.jpeg,mucca
2788.jpeg,mucca
1054.jpeg,mucca
4969.jpeg,mucca
1789.jpeg,cane
910.jpeg,pecora
1593.jpeg,mucca
768.jpeg,gallina
892.jpeg,gallina
2714.jpeg,pecora
1136.jpeg,scoiattolo
2032.jpeg,pecora
3062.jpeg,cane
3909.jpeg,pecora
794.jpeg,cane
1295.jpeg,cavallo
770.jpeg,cane
440.jpeg,cane
2611.jpeg,mucca
1835.jpeg,mucca
4605.jpeg,mucca
538.jpeg,cane
1837.jpeg,elefante
2778.jpeg,pecora
3620.jpeg,cane
4520.jpeg,gallina
652.jpeg,elefante
1264.jpeg,gallina
4662.jpeg,gallina
2348.jpeg,gallina
1898.jpeg,cane
3860.jpeg,gallina
954.jpeg,gallina
2157.jpeg,cane
3823.jpeg,gallina
454.jpeg,farfalla
2863.jpeg,gallina
3799.jpeg,gallina
1026.jpeg,pecora
3481.jpeg,cavallo
185.jpeg,pecora
518.jpeg,gallina
3991.jpeg,cavallo
1100.jpeg,pecora
827.jpeg,cane
1380.jpeg,gallina
28.jpeg,cane
1981.jpeg,cane
2702.jpeg,cane
1508.jpeg,gallina
1195.jpeg,gallina
1574.jpeg,cane
4616.jpeg,cavallo
1934.jpeg,scoiattolo
3426.jpeg,cane
4497.jpeg,cavallo
2510.jpeg,gallina
1974.jpeg,gallina
4871.jpeg,gallina
1490.jpeg,cane
2011.jpeg,cane
635.jpeg,gallina
3263.jpeg,farfalla
4409.jpeg,gallina
1547.jpeg,gallina
2907.jpeg,gallina
453.jpeg,cane
4653.jpeg,gallina
2913.jpeg,pecora
1446.jpeg,gallina
3234.jpeg,mucca
4980.jpeg,cane
947.jpeg,ragno
83.jpeg,pecora
1260.jpeg,cane
2901.jpeg,ragno
129.jpeg,gallina
2744.jpeg,ragno
3842.jpeg,cane
1072.jpeg,gallina
526.jpeg,elefante
380.jpeg,gallina
1292.jpeg,cane
1561.jpeg,cavallo
903.jpeg,gallina
3016.jpeg,elefante
4801.jpeg,mucca
54.jpeg,cane
601.jpeg,cane
1647.jpeg,elefante
4508.jpeg,cane
2349.jpeg,gallina
254.jpeg,pecora
2964.jpeg,ragno
1633.jpeg,ragno
3008.jpeg,farfalla
2518.jpeg,gallina
2968.jpeg,mucca
694.jpeg,pecora
3784.jpeg,cane
1110.jpeg,pecora
3642.jpeg,gallina
366.jpeg,cavallo
3416.jpeg,gallina
4085.jpeg,cane
2202.jpeg,farfalla
2091.jpeg,gallina
899.jpeg,pecora
1457.jpeg,scoiattolo
2259.jpeg,cane
666.jpeg,mucca
278.jpeg,cane
3539.jpeg,mucca
3597.jpeg,cane
461.jpeg,gallina
4256.jpeg,gallina
2330.jpeg,farfalla
8.jpeg,gallina
2822.jpeg,gallina
3446.jpeg,cavallo
876.jpeg,gallina
3005.jpeg,pecora
2625.jpeg,farfalla
4160.jpeg,elefante
4437.jpeg,gallina
977.jpeg,ragno
1362.jpeg,gallina
4391.jpeg,pecora
2626.jpeg,cavallo
2847.jpeg,scoiattolo
365.jpeg,pecora
3616.jpeg,gallina
1455.jpeg,pecora
2080.jpeg,gallina
3243.jpeg,cane
3691.jpeg,gallina
4543.jpeg,gallina
1897.jpeg,pecora
1071.jpeg,cane
3841.jpeg,cane
197.jpeg,pecora
4507.jpeg,cane
1201.jpeg,gallina
784.jpeg,cavallo
2980.jpeg,pecora
1826.jpeg,gallina
159.jpeg,ragno
517.jpeg,pecora
1703.jpeg,cane
2040.jpeg,cane
3433.jpeg,gallina
702.jpeg,ragno
4990.jpeg,gallina
3350.jpeg,cavallo
3402.jpeg,cane
338.jpeg,gallina
670.jpeg,farfalla
2723.jpeg,mucca
1312.jpeg,scoiattolo
1252.jpeg,gallina
544.jpeg,cane
2498.jpeg,cane
429.jpeg,cane
293.jpeg,gallina
4820.jpeg,gallina
428.jpeg,cane
60.jpeg,pecora
2629.jpeg,cane
4491.jpeg,ragno
3591.jpeg,mucca
3895.jpeg,pecora
470.jpeg,ragno
4302.jpeg,cane
4000.jpeg,cane
2372.jpeg,gallina
3120.jpeg,pecora
473.jpeg,elefante
1070.jpeg,scoiattolo
1209.jpeg,gallina
2664.jpeg,farfalla
4390.jpeg,ragno
3222.jpeg,cane
1150.jpeg,cavallo
194.jpeg,cane
1050.jpeg,pecora
23.jpeg,gallina
3533.jpeg,ragno
3075.jpeg,mucca
3853.jpeg,cane
1608.jpeg,pecora
4462.jpeg,gallina
4100.jpeg,cavallo
2734.jpeg,pecora
1816.jpeg,pecora
2835.jpeg,gallina
3132.jpeg,cane
2877.jpeg,pecora
2746.jpeg,gallina
4877.jpeg,gallina
1344.jpeg,cane
1671.jpeg,cavallo
112.jpeg,farfalla
2598.jpeg,pecora
4890.jpeg,cavallo
396.jpeg,pecora
3034.jpeg,gallina
3415.jpeg,ragno
3150.jpeg,elefante
235.jpeg,farfalla
3834.jpeg,pecora
1692.jpeg,gallina
169.jpeg,pecora
1986.jpeg,pecora
2056.jpeg,scoiattolo
2438.jpeg,ragno
3462.jpeg,pecora
2278.jpeg,gallina
4872.jpeg,pecora
2985.jpeg,mucca
2120.jpeg,ragno
4377.jpeg,gallina
321.jpeg,gallina
2893.jpeg,gallina
1542.jpeg,pecora
1412.jpeg,cane
1325.jpeg,gallina
3273.jpeg,pecora
2797.jpeg,cavallo
4499.jpeg,cane
2398.jpeg,gallina
260.jpeg,gallina
103.jpeg,cane
2690.jpeg,scoiattolo
1332.jpeg,gallina
3920.jpeg,cane
1300.jpeg,gallina
4519.jpeg,cavallo
2726.jpeg,cavallo
3200.jpeg,pecora
4348.jpeg,cavallo
151.jpeg,gallina
4214.jpeg,mucca
2586.jpeg,gallina
1289.jpeg,cane
1533.jpeg,cane
1660.jpeg,gallina
3766.jpeg,gallina
3242.jpeg,cane
3596.jpeg,cane
845.jpeg,cane
1011.jpeg,gallina
3514.jpeg,gallina
3732.jpeg,cane
4732.jpeg,cane
853.jpeg,pecora
34.jpeg,pecora
2043.jpeg,scoiattolo
783.jpeg,pecora
3817.jpeg,gallina
4098.jpeg,gallina
1263.jpeg,cane
2648.jpeg,cavallo
645.jpeg,gallina
493.jpeg,mucca
325.jpeg,pecora
4940.jpeg,elefante
750.jpeg,scoiattolo
3344.jpeg,cane
2406.jpeg,gallina
4061.jpeg,cavallo
4346.jpeg,pecora
3158.jpeg,mucca
764.jpeg,cane
1727.jpeg,farfalla
583.jpeg,pecora
1230.jpeg,ragno
1477.jpeg,pecora
1094.jpeg,elefante
1771.jpeg,cane
4597.jpeg,pecora
1507.jpeg,farfalla
3500.jpeg,gallina
2791.jpeg,gallina
2531.jpeg,gallina
2397.jpeg,gallina
1174.jpeg,scoiattolo
3672.jpeg,pecora
3191.jpeg,gallina
983.jpeg,cane
2624.jpeg,gallina
4236.jpeg,pecora
410.jpeg,cane
3835.jpeg,pecora
2178.jpeg,gallina
1585.jpeg,scoiattolo
51.jpeg,ragno
2248.jpeg,elefante
4935.jpeg,cane
1091.jpeg,gallina
871.jpeg,cane
236.jpeg,gallina
1395.jpeg,cavallo
4564.jpeg,gallina
3763.jpeg,cane
4380.jpeg,gallina
2388.jpeg,pecora
250.jpeg,farfalla
1221.jpeg,pecora
1549.jpeg,pecora
1364.jpeg,pecora
2534.jpeg,gallina
4010.jpeg,pecora
4153.jpeg,gallina
825.jpeg,farfalla
679.jpeg,gallina
4797.jpeg,mucca
902.jpeg,gallina
1182.jpeg,cane
1901.jpeg,pecora
1863.jpeg,farfalla
257.jpeg,gallina
433.jpeg,gallina
3524.jpeg,cane
1194.jpeg,gallina
4845.jpeg,ragno
4210.jpeg,cane
4886.jpeg,mucca
1366.jpeg,pecora
4725.jpeg,gallina
3087.jpeg,gallina
4687.jpeg,elefante
4486.jpeg,scoiattolo
1349.jpeg,pecora
4116.jpeg,gallina
3393.jpeg,mucca
1480.jpeg,pecora
3122.jpeg,cane
4261.jpeg,mucca
3249.jpeg,mucca
501.jpeg,ragno
2972.jpeg,gallina
2535.jpeg,pecora
3938.jpeg,cane
3738.jpeg,cane
3716.jpeg,gallina
4477.jpeg,farfalla
4089.jpeg,mucca
4708.jpeg,cane
4494.jpeg,gallina
1143.jpeg,pecora
4618.jpeg,pecora
1905.jpeg,gallina
1534.jpeg,gallina
3470.jpeg,ragno
2280.jpeg,gallina
933.jpeg,cane
384.jpeg,pecora
3990.jpeg,gallina
4150.jpeg,cane
3734.jpeg,mucca
3103.jpeg,mucca
1670.jpeg,pecora
133.jpeg,gallina
1460.jpeg,cane
2090.jpeg,cane
3032.jpeg,pecora
3326.jpeg,elefante
1983.jpeg,cane
2104.jpeg,gallina
2285.jpeg,cane
811.jpeg,elefante
862.jpeg,cane
1536.jpeg,farfalla
4898.jpeg,gatto
2636.jpeg,gallina
1116.jpeg,gallina
4277.jpeg,gallina
2880.jpeg,gallina
2571.jpeg,gallina
641.jpeg,cane
1721.jpeg,mucca
3144.jpeg,pecora
4149.jpeg,gallina
3458.jpeg,mucca
279.jpeg,farfalla
1303.jpeg,gallina
2530.jpeg,gallina
4614.jpeg,pecora
3306.jpeg,gallina
115.jpeg,cavallo
665.jpeg,gallina
2914.jpeg,elefante
41.jpeg,cane
288.jpeg,pecora
2375.jpeg,gallina
2836.jpeg,cavallo
3207.jpeg,elefante
4042.jpeg,farfalla
1598.jpeg,cavallo
1479.jpeg,gallina
806.jpeg,mucca
154.jpeg,cavallo
3528.jpeg,gallina
1744.jpeg,pecora
4978.jpeg,cane
2434.jpeg,pecora
4986.jpeg,mucca
3957.jpeg,cane
2584.jpeg,cavallo
3066.jpeg,cane
2997.jpeg,cavallo
1881.jpeg,cane
2489.jpeg,ragno
4286.jpeg,mucca
190.jpeg,mucca
1776.jpeg,pecora
3755.jpeg,cane
2750.jpeg,gallina
2468.jpeg,mucca
1336.jpeg,mucca
3001.jpeg,gallina
4347.jpeg,gallina
4254.jpeg,cane
2977.jpeg,farfalla
3518.jpeg,gallina
560.jpeg,cane
3728.jpeg,cane
2856.jpeg,gallina
3687.jpeg,pecora
574.jpeg,cane
305.jpeg,cane
2926.jpeg,farfalla
116.jpeg,gallina
468.jpeg,pecora
17.jpeg,cane
3180.jpeg,gallina
4018.jpeg,pecora
2697.jpeg,gallina
3165.jpeg,pecora
223.jpeg,gallina
1130.jpeg,gallina
3239.jpeg,gallina
824.jpeg,cane
3028.jpeg,gallina
3896.jpeg,scoiattolo
4186.jpeg,pecora
4950.jpeg,cane
4265.jpeg,gallina
2274.jpeg,gatto
3141.jpeg,pecora
446.jpeg,cane
4806.jpeg,pecora
3231.jpeg,pecora
232.jpeg,pecora
172.jpeg,pecora
867.jpeg,cane
2676.jpeg,cane
1684.jpeg,cane
1337.jpeg,cane
4962.jpeg,gallina
662.jpeg,cavallo
4583.jpeg,gallina
1190.jpeg,cane
1892.jpeg,gallina
1481.jpeg,farfalla
4516.jpeg,gallina
2390.jpeg,cane
1859.jpeg,pecora
642.jpeg,cane
407.jpeg,pecora
3372.jpeg,pecora
519.jpeg,gallina
4043.jpeg,gallina
4822.jpeg,pecora
4216.jpeg,cane
1930.jpeg,pecora
1233.jpeg,farfalla
2583.jpeg,cane
1704.jpeg,pecora
1436.jpeg,cavallo
3746.jpeg,gallina
3894.jpeg,pecora
1376.jpeg,gallina
3674.jpeg,cane
3660.jpeg,pecora
2885.jpeg,cane
225.jpeg,pecora
1041.jpeg,cavallo
4719.jpeg,scoiattolo
4501.jpeg,pecora
3089.jpeg,farfalla
879.jpeg,gallina
2579.jpeg,cane
1037.jpeg,pecora
57.jpeg,gallina
2338.jpeg,gallina
2328.jpeg,gallina
1320.jpeg,cavallo
77.jpeg,gallina
4766.jpeg,gallina
3619.jpeg,scoiattolo
1923.jpeg,cane
1834.jpeg,cane
1240.jpeg,pecora
1031.jpeg,mucca
2271.jpeg,pecora
1550.jpeg,mucca
1322.jpeg,pecora
66.jpeg,cane
2477.jpeg,gallina
1729.jpeg,gallina
3940.jpeg,mucca
65.jpeg,gallina
714.jpeg,cane
1991.jpeg,pecora
4841.jpeg,cavallo
2751.jpeg,gallina
860.jpeg,cane
49.jpeg,gallina
121.jpeg,pecora
379.jpeg,gallina
522.jpeg,cane
3288.jpeg,cane
981.jpeg,farfalla
466.jpeg,gallina
2830.jpeg,pecora
874.jpeg,ragno
4657.jpeg,ragno
3182.jpeg,cane
2316.jpeg,pecora
4840.jpeg,gallina
704.jpeg,gallina
651.jpeg,gallina
2244.jpeg,cane
960.jpeg,pecora
3556.jpeg,gallina
4387.jpeg,cane
4101.jpeg,gallina
382.jpeg,cavallo
2486.jpeg,ragno
213.jpeg,gallina
1963.jpeg,elefante
4406.jpeg,pecora
819.jpeg,gallina
4222.jpeg,pecora
1387.jpeg,cavallo
1919.jpeg,cane
9.jpeg,cane
2225.jpeg,gallina
2284.jpeg,cane
4888.jpeg,gallina
3583.jpeg,pecora
2757.jpeg,gallina
2281.jpeg,pecora
4581.jpeg,gatto
2079.jpeg,scoiattolo
3626.jpeg,scoiattolo
1792.jpeg,gallina
2975.jpeg,gallina
4598.jpeg,mucca
202.jpeg,scoiattolo
2715.jpeg,cavallo
210.jpeg,mucca
2480.jpeg,pecora
2378.jpeg,mucca
4359.jpeg,scoiattolo
1424.jpeg,ragno
3854.jpeg,cane
316.jpeg,gallina
3815.jpeg,gallina
3540.jpeg,cane
1769.jpeg,cavallo
4309.jpeg,gallina
3777.jpeg,mucca
359.jpeg,cane
2628.jpeg,pecora
2766.jpeg,gallina
3093.jpeg,gallina
3958.jpeg,mucca
3504.jpeg,gallina
3365.jpeg,gallina
3770.jpeg,scoiattolo
731.jpeg,gallina
3527.jpeg,pecora
1825.jpeg,mucca
1410.jpeg,cane
2952.jpeg,cavallo
1451.jpeg,pecora
3594.jpeg,elefante
3628.jpeg,farfalla
419.jpeg,cane
2801.jpeg,elefante
2457.jpeg,pecora
3023.jpeg,cane
4964.jpeg,gallina
1600.jpeg,gallina
3610.jpeg,ragno
607.jpeg,elefante
3768.jpeg,gallina
2327.jpeg,pecora
925.jpeg,scoiattolo
2385.jpeg,scoiattolo
979.jpeg,pecora
4552.jpeg,cane
771.jpeg,scoiattolo
207.jpeg,farfalla
2517.jpeg,gallina
4096.jpeg,farfalla
3171.jpeg,scoiattolo
4102.jpeg,cane
3084.jpeg,gallina
3139.jpeg,gallina
2156.jpeg,mucca
266.jpeg,pecora
2754.jpeg,cane
961.jpeg,pecora
399.jpeg,cavallo
4047.jpeg,gallina
4386.jpeg,cane
3314.jpeg,gallina
2473.jpeg,gallina
2474.jpeg,gallina
1832.jpeg,cane
3720.jpeg,cane
4123.jpeg,farfalla
1735.jpeg,gallina
1937.jpeg,cane
521.jpeg,farfalla
2379.jpeg,gallina
4385.jpeg,gallina
4838.jpeg,gallina
2359.jpeg,scoiattolo
1162.jpeg,gallina
997.jpeg,cane
3730.jpeg,gallina
1063.jpeg,gallina
3510.jpeg,cane
600.jpeg,scoiattolo
416.jpeg,cane
2616.jpeg,elefante
3791.jpeg,gallina
2689.jpeg,farfalla
413.jpeg,pecora
4339.jpeg,cane
4641.jpeg,cane
3430.jpeg,ragno
2783.jpeg,cane
3824.jpeg,cane
4540.jpeg,cane
2612.jpeg,cane
1058.jpeg,pecora
1774.jpeg,farfalla
3065.jpeg,mucca
3196.jpeg,mucca
4779.jpeg,pecora
1948.jpeg,gallina
4960.jpeg,gallina
2927.jpeg,cavallo
3329.jpeg,gallina
2070.jpeg,scoiattolo
3689.jpeg,cavallo
4771.jpeg,pecora
4192.jpeg,gallina
2834.jpeg,gallina
3012.jpeg,cavallo
2450.jpeg,cane
2148.jpeg,pecora
4647.jpeg,gallina
2554.jpeg,cane
4027.jpeg,cane
171.jpeg,cane
3192.jpeg,elefante
181.jpeg,gallina
1418.jpeg,farfalla
3774.jpeg,gallina
4028.jpeg,scoiattolo
4115.jpeg,pecora
4772.jpeg,gatto
4268.jpeg,gallina
1189.jpeg,gallina
4037.jpeg,cavallo
4178.jpeg,pecora
2467.jpeg,pecora
4394.jpeg,farfalla
4333.jpeg,gallina
3523.jpeg,pecora
78.jpeg,cane
2762.jpeg,gallina
2716.jpeg,pecora
3573.jpeg,pecora
2563.jpeg,cavallo
1781.jpeg,gallina
657.jpeg,gallina
4327.jpeg,pecora
3114.jpeg,cane
3033.jpeg,cane
3739.jpeg,pecora
3965.jpeg,gallina
2955.jpeg,farfalla
2649.jpeg,gallina
1768.jpeg,cane
1245.jpeg,gallina
4498.jpeg,gallina
1401.jpeg,farfalla
2560.jpeg,cavallo
2771.jpeg,cavallo
3906.jpeg,mucca
3045.jpeg,ragno
4398.jpeg,cane
2391.jpeg,farfalla
2093.jpeg,gallina
4495.jpeg,pecora
766.jpeg,cane
1572.jpeg,cane
3694.jpeg,gallina
4988.jpeg,cane
3929.jpeg,gallina
58.jpeg,pecora
3471.jpeg,cavallo
2469.jpeg,gallina
4022.jpeg,gallina
1746.jpeg,pecora
4469.jpeg,cavallo
4541.jpeg,cane
850.jpeg,gallina
2255.jpeg,cavallo
3418.jpeg,scoiattolo
826.jpeg,pecora
123.jpeg,gallina
4262.jpeg,cane
1514.jpeg,pecora
2084.jpeg,pecora
3390.jpeg,cane
1030.jpeg,gallina
3042.jpeg,ragno
2483.jpeg,cane
3710.jpeg,cane
2937.jpeg,gallina
2190.jpeg,gallina
834.jpeg,gallina
4763.jpeg,farfalla
1602.jpeg,farfalla
1296.jpeg,cavallo
3264.jpeg,gallina
3571.jpeg,pecora
722.jpeg,cane
4813.jpeg,gallina
153.jpeg,cane
884.jpeg,mucca
1757.jpeg,cane
1439.jpeg,pecora
2809.jpeg,gallina
2222.jpeg,ragno
810.jpeg,pecora
2512.jpeg,cavallo
3680.jpeg,farfalla
4220.jpeg,gallina
4248.jpeg,cane
3868.jpeg,gallina
3455.jpeg,gallina
1564.jpeg,cane
3971.jpeg,pecora
3796.jpeg,pecora
2857.jpeg,ragno
1914.jpeg,cavallo
4864.jpeg,farfalla
3265.jpeg,pecora
4795.jpeg,cane
718.jpeg,scoiattolo
4163.jpeg,pecora
4183.jpeg,gallina
4539.jpeg,gallina
2455.jpeg,gallina
1119.jpeg,gallina
4923.jpeg,pecora
3565.jpeg,farfalla
3790.jpeg,gallina
4710.jpeg,cane
599.jpeg,ragno
978.jpeg,pecora
509.jpeg,ragno
4796.jpeg,pecora
52.jpeg,farfalla
3085.jpeg,cane
1656.jpeg,elefante
4557.jpeg,pecora
1988.jpeg,gallina
4889.jpeg,gallina
974.jpeg,pecora
2911.jpeg,cane
849.jpeg,pecora
4620.jpeg,cavallo
2516.jpeg,ragno
1662.jpeg,pecora
4503.jpeg,scoiattolo
1485.jpeg,cane
389.jpeg,pecora
3846.jpeg,ragno
685.jpeg,cane
2124.jpeg,cane
2906.jpeg,cane
2878.jpeg,ragno
64.jpeg,gallina
3208.jpeg,farfalla
1074.jpeg,pecora
796.jpeg,cane
3311.jpeg,pecora
4879.jpeg,gallina
4119.jpeg,elefante
1831.jpeg,pecora
1415.jpeg,farfalla
1335.jpeg,gallina
2566.jpeg,pecora
163.jpeg,ragno
1197.jpeg,pecora
1773.jpeg,gallina
3020.jpeg,cane
2401.jpeg,cavallo
734.jpeg,gallina
2706.jpeg,gallina
3721.jpeg,cane
4288.jpeg,cane
1511.jpeg,cavallo
3760.jpeg,gallina
1501.jpeg,gallina
1568.jpeg,mucca
1866.jpeg,pecora
4243.jpeg,mucca
3419.jpeg,pecora
681.jpeg,scoiattolo
3598.jpeg,pecora
720.jpeg,cavallo
527.jpeg,gallina
85.jpeg,gallina
1067.jpeg,cane
2067.jpeg,pecora
3779.jpeg,pecora
3445.jpeg,cane
3173.jpeg,cane
4367.jpeg,cavallo
4399.jpeg,ragno
780.jpeg,scoiattolo
2228.jpeg,cane
4083.jpeg,mucca
392.jpeg,scoiattolo
3903.jpeg,scoiattolo
4086.jpeg,pecora
4023.jpeg,pecora
2962.jpeg,gallina
4828.jpeg,mucca
1996.jpeg,gallina
2840.jpeg,cane
2423.jpeg,cane
3781.jpeg,cane
1530.jpeg,cane
1874.jpeg,scoiattolo
4212.jpeg,gallina
2454.jpeg,mucca
1426.jpeg,farfalla
620.jpeg,gallina
4509.jpeg,gallina
1811.jpeg,cane
4973.jpeg,gallina
1262.jpeg,gallina
2948.jpeg,cane
334.jpeg,cavallo
3880.jpeg,pecora
3679.jpeg,pecora
3216.jpeg,gallina
1413.jpeg,gallina
3385.jpeg,cavallo
4156.jpeg,pecora
2808.jpeg,pecora
4314.jpeg,pecora
2573.jpeg,cane
2204.jpeg,cane
4407.jpeg,mucca
30.jpeg,cane
4754.jpeg,cavallo
4461.jpeg,cane
451.jpeg,gallina
2634.jpeg,scoiattolo
2761.jpeg,cane
924.jpeg,cane
789.jpeg,cane
3375.jpeg,pecora
1909.jpeg,farfalla
3773.jpeg,ragno
4868.jpeg,cane
3380.jpeg,gallina
1379.jpeg,gallina
938.jpeg,mucca
3981.jpeg,gallina
73.jpeg,cane
1283.jpeg,cavallo
2282.jpeg,cane
1338.jpeg,cane
4965.jpeg,pecora
3474.jpeg,gallina
3266.jpeg,scoiattolo
887.jpeg,pecora
1163.jpeg,cane
3297.jpeg,scoiattolo
832.jpeg,cane
4575.jpeg,gallina
2107.jpeg,cane
953.jpeg,cavallo
3324.jpeg,mucca
343.jpeg,pecora
4417.jpeg,ragno
529.jpeg,gallina
2936.jpeg,gallina
2820.jpeg,scoiattolo
3384.jpeg,gallina
1359.jpeg,ragno
3360.jpeg,pecora
152.jpeg,pecora
2558.jpeg,cane
3370.jpeg,cane
2843.jpeg,cavallo
2665.jpeg,farfalla
4492.jpeg,cane
1453.jpeg,gallina
2085.jpeg,mucca
2123.jpeg,farfalla
1824.jpeg,cane
2005.jpeg,gallina
589.jpeg,pecora
3126.jpeg,gallina
4125.jpeg,gallina
836.jpeg,gallina
3849.jpeg,gallina
3152.jpeg,cane
2086.jpeg,cane
759.jpeg,gallina
2334.jpeg,pecora
693.jpeg,cane
3081.jpeg,gallina
1817.jpeg,gallina
2039.jpeg,gallina
2670.jpeg,pecora
996.jpeg,mucca
2059.jpeg,mucca
2.jpeg,elefante
4970.jpeg,cane
1922.jpeg,farfalla
3201.jpeg,cavallo
1582.jpeg,pecora
2268.jpeg,ragno
2254.jpeg,cane
617.jpeg,cane
757.jpeg,farfalla
3300.jpeg,gallina
502.jpeg,scoiattolo
2014.jpeg,ragno
137.jpeg,mucca
4328.jpeg,pecora
4062.jpeg,cane
4837.jpeg,gallina
3377.jpeg,gallina
895.jpeg,gallina
2548.jpeg,mucca
36.jpeg,gallina
4589.jpeg,mucca
1657.jpeg,gallina
486.jpeg,cane
2366.jpeg,cane
2990.jpeg,cavallo
3886.jpeg,cane
3074.jpeg,gallina
4305.jpeg,cane
3795.jpeg,mucca
4726.jpeg,cane
3295.jpeg,mucca
2342.jpeg,ragno
3296.jpeg,pecora
4646.jpeg,mucca
487.jpeg,ragno
352.jpeg,cane
663.jpeg,cane
2899.jpeg,cane
270.jpeg,cane
4090.jpeg,cavallo
4479.jpeg,gallina
1973.jpeg,mucca
224.jpeg,cane
3647.jpeg,gallina
2217.jpeg,cane
2439.jpeg,gallina
2806.jpeg,ragno
965.jpeg,pecora
2730.jpeg,pecora
2743.jpeg,pecora
4476.jpeg,gallina
4255.jpeg,gallina
3238.jpeg,pecora
4996.jpeg,mucca
307.jpeg,pecora
1636.jpeg,gatto
516.jpeg,ragno
552.jpeg,pecora
1192.jpeg,gallina
2314.jpeg,farfalla
1908.jpeg,cane
1382.jpeg,cane
4233.jpeg,gallina
3754.jpeg,cane
245.jpeg,mucca
2567.jpeg,gallina
4590.jpeg,cane
1210.jpeg,pecora
3752.jpeg,cane
263.jpeg,pecora
4300.jpeg,farfalla
1064.jpeg,pecora
2444.jpeg,cane
2069.jpeg,gallina
2699.jpeg,gallina
664.jpeg,cavallo
2426.jpeg,gallina
1239.jpeg,cane
908.jpeg,gallina
2642.jpeg,cane
1156.jpeg,pecora
2739.jpeg,pecora
886.jpeg,cane
3209.jpeg,cane
403.jpeg,gallina
2346.jpeg,cavallo
3605.jpeg,ragno
2641.jpeg,cane
4332.jpeg,mucca
2135.jpeg,pecora
4237.jpeg,gallina
4269.jpeg,cane
2127.jpeg,pecora
414.jpeg,gallina
2772.jpeg,cavallo
261.jpeg,pecora
2721.jpeg,cane
1369.jpeg,gallina
4758.jpeg,gallina
4068.jpeg,scoiattolo
2001.jpeg,pecora
1813.jpeg,cane
1077.jpeg,cane
4943.jpeg,cavallo
4971.jpeg,pecora
2062.jpeg,cane
3883.jpeg,cane
3488.jpeg,pecora
3183.jpeg,gallina
2369.jpeg,gallina
2004.jpeg,farfalla
3138.jpeg,mucca
2383.jpeg,scoiattolo
3740.jpeg,cane
4665.jpeg,mucca
2775.jpeg,elefante
3939.jpeg,mucca
1780.jpeg,cane
2258.jpeg,gallina
3214.jpeg,pecora
2724.jpeg,gallina
2884.jpeg,pecora
3080.jpeg,gallina
1571.jpeg,elefante
3453.jpeg,cane
4634.jpeg,gallina
2447.jpeg,gallina
1381.jpeg,gallina
1377.jpeg,elefante
971.jpeg,elefante
906.jpeg,ragno
2201.jpeg,pecora
1483.jpeg,gallina
1078.jpeg,cane
3988.jpeg,gallina
427.jpeg,cane
638.jpeg,cavallo
2496.jpeg,pecora
680.jpeg,scoiattolo
2007.jpeg,pecora
3708.jpeg,gallina
2131.jpeg,pecora
2861.jpeg,ragno
1403.jpeg,pecora
145.jpeg,pecora
3282.jpeg,gallina
872.jpeg,gallina
4084.jpeg,elefante
4448.jpeg,pecora
2028.jpeg,cane
677.jpeg,pecora
4020.jpeg,gallina
67.jpeg,gallina
581.jpeg,gallina
3241.jpeg,pecora
3198.jpeg,farfalla
4370.jpeg,gallina
2322.jpeg,gallina
4989.jpeg,gallina
341.jpeg,pecora
3403.jpeg,gallina
330.jpeg,cane
813.jpeg,ragno
1887.jpeg,pecora
1829.jpeg,mucca
436.jpeg,cavallo
3294.jpeg,cane
3441.jpeg,ragno
3968.jpeg,farfalla
1183.jpeg,cane
362.jpeg,gallina
614.jpeg,mucca
3632.jpeg,pecora
1450.jpeg,gallina
1808.jpeg,gallina
667.jpeg,cane
927.jpeg,mucca
588.jpeg,ragno
4736.jpeg,ragno
2559.jpeg,pecora
3941.jpeg,farfalla
1099.jpeg,gallina
1580.jpeg,gallina
2741.jpeg,gallina
291.jpeg,gallina
2357.jpeg,cane
788.jpeg,cane
474.jpeg,scoiattolo
3279.jpeg,gallina
744.jpeg,pecora
1179.jpeg,gallina
2799.jpeg,pecora
803.jpeg,cane
1872.jpeg,cane
4562.jpeg,cane
342.jpeg,scoiattolo
4535.jpeg,pecora
2823.jpeg,gallina
3747.jpeg,pecora
4683.jpeg,cane
2735.jpeg,farfalla
108.jpeg,cavallo
4786.jpeg,gallina
2492.jpeg,scoiattolo
0.jpeg,gallina
55.jpeg,cane
1759.jpeg,gallina
4487.jpeg,cane
4637.jpeg,gallina
1001.jpeg,farfalla
2442.jpeg,gallina
4895.jpeg,cane
2364.jpeg,cane
2098.jpeg,pecora
1015.jpeg,gallina
1796.jpeg,gallina
2704.jpeg,gallina
1437.jpeg,pecora
661.jpeg,cane
1855.jpeg,cane
4066.jpeg,farfalla
1216.jpeg,gallina
1016.jpeg,gallina
3586.jpeg,gallina
1978.jpeg,elefante
3094.jpeg,pecora
29.jpeg,gallina
4013.jpeg,gallina
1047.jpeg,pecora
3334.jpeg,scoiattolo
728.jpeg,pecora
3397.jpeg,pecora
4180.jpeg,gallina
4693.jpeg,gallina
1641.jpeg,pecora
3953.jpeg,gallina
14.jpeg,elefante
4875.jpeg,cane
706.jpeg,cane
2705.jpeg,gallina
3545.jpeg,pecora
1687.jpeg,elefante
25.jpeg,pecora
432.jpeg,scoiattolo
3987.jpeg,cane
4474.jpeg,pecora
3633.jpeg,gallina
1551.jpeg,cane
94.jpeg,cavallo
3581.jpeg,cane
4174.jpeg,ragno
3994.jpeg,pecora
1990.jpeg,cane
1286.jpeg,gallina
1606.jpeg,cane
3989.jpeg,pecora
1615.jpeg,farfalla
1861.jpeg,mucca
2471.jpeg,farfalla
4671.jpeg,gallina
4282.jpeg,gallina
4979.jpeg,mucca
2946.jpeg,ragno
1712.jpeg,farfalla
1244.jpeg,pecora
1992.jpeg,cane
4104.jpeg,pecora
3090.jpeg,ragno
1942.jpeg,gallina
4738.jpeg,gallina
1751.jpeg,gallina
1592.jpeg,pecora
2432.jpeg,pecora
4400.jpeg,mucca
1749.jpeg,ragno
3277.jpeg,elefante
3757.jpeg,gallina
878.jpeg,cavallo
923.jpeg,cane
1319.jpeg,pecora
50.jpeg,gallina
2088.jpeg,gallina
1927.jpeg,pecora
3070.jpeg,gallina
2905.jpeg,gallina
417.jpeg,farfalla
3043.jpeg,gallina
735.jpeg,elefante
4843.jpeg,cavallo
1576.jpeg,cane
3515.jpeg,pecora
431.jpeg,farfalla
4140.jpeg,farfalla
2491.jpeg,gallina
3585.jpeg,pecora
1588.jpeg,gallina
1594.jpeg,ragno
530.jpeg,cane
1487.jpeg,pecora
4560.jpeg,pecora
2838.jpeg,cane
2404.jpeg,gallina
3676.jpeg,mucca
1059.jpeg,cavallo
3659.jpeg,pecora
2340.jpeg,gallina
3750.jpeg,cane
4154.jpeg,ragno
3038.jpeg,mucca
1448.jpeg,ragno
888.jpeg,gallina
1462.jpeg,gallina
1559.jpeg,gallina
148.jpeg,ragno
2072.jpeg,gallina
3508.jpeg,gallina
2610.jpeg,gallina
2037.jpeg,ragno
158.jpeg,pecora
640.jpeg,cane
1149.jpeg,cane
3131.jpeg,gallina
3472.jpeg,gallina
2192.jpeg,mucca
3346.jpeg,pecora
4554.jpeg,cane
4198.jpeg,gatto
2367.jpeg,gallina
3015.jpeg,cane
2337.jpeg,gatto
4131.jpeg,gallina
2865.jpeg,cane
4122.jpeg,mucca
1569.jpeg,ragno
2971.jpeg,gallina
3639.jpeg,cane
911.jpeg,farfalla
1503.jpeg,cane
3741.jpeg,cane
4729.jpeg,mucca
2488.jpeg,pecora
1225.jpeg,pecora
3544.jpeg,gallina
2687.jpeg,cane
2817.jpeg,pecora
1049.jpeg,cavallo
3225.jpeg,cane
1409.jpeg,cane
4330.jpeg,gallina
3717.jpeg,mucca
2732.jpeg,mucca
3224.jpeg,cavallo
675.jpeg,cane
3729.jpeg,cane
1127.jpeg,cane
469.jpeg,elefante
988.jpeg,farfalla
1307.jpeg,pecora
1655.jpeg,pecora
1137.jpeg,gallina
4944.jpeg,pecora
2437.jpeg,cavallo
2239.jpeg,gallina
1428.jpeg,cane
277.jpeg,ragno
2440.jpeg,gallina
244.jpeg,cavallo
2910.jpeg,cane
1494.jpeg,gallina
4882.jpeg,cane
294.jpeg,mucca
800.jpeg,pecora
4638.jpeg,elefante
2621.jpeg,cavallo
3809.jpeg,farfalla
458.jpeg,ragno
1723.jpeg,gallina
3916.jpeg,gallina
2114.jpeg,ragno
1297.jpeg,cane
3261.jpeg,farfalla
936.jpeg,gallina
4468.jpeg,mucca
2504.jpeg,pecora
3517.jpeg,farfalla
4454.jpeg,cane
3227.jpeg,pecora
682.jpeg,pecora
1311.jpeg,pecora
994.jpeg,pecora
1456.jpeg,cane
4303.jpeg,cavallo
733.jpeg,mucca
422.jpeg,elefante
4301.jpeg,scoiattolo
2147.jpeg,cane
2134.jpeg,cane
2347.jpeg,cane
1821.jpeg,cane
1444.jpeg,pecora
3772.jpeg,pecora
712.jpeg,farfalla
2828.jpeg,cane
1803.jpeg,cane
2173.jpeg,cane
1120.jpeg,gallina
4051.jpeg,pecora
2315.jpeg,cane
4816.jpeg,pecora
1512.jpeg,pecora
2764.jpeg,mucca
972.jpeg,elefante
918.jpeg,gallina
251.jpeg,cane
2015.jpeg,elefante
1040.jpeg,gallina
2603.jpeg,gallina
557.jpeg,ragno
1794.jpeg,scoiattolo
551.jpeg,gallina
4885.jpeg,ragno
3447.jpeg,cane
147.jpeg,cane
3866.jpeg,elefante
1764.jpeg,pecora
2795.jpeg,scoiattolo
2940.jpeg,gallina
4312.jpeg,ragno
4117.jpeg,cavallo
3663.jpeg,mucca
2029.jpeg,pecora
4152.jpeg,pecora
3888.jpeg,gallina
122.jpeg,cavallo
2412.jpeg,gallina
1761.jpeg,gallina
4612.jpeg,pecora
2436.jpeg,ragno
2003.jpeg,pecora
4856.jpeg,cane
4878.jpeg,ragno
275.jpeg,cane
1630.jpeg,mucca
4891.jpeg,pecora
1529.jpeg,cane
1849.jpeg,gallina
92.jpeg,cane
239.jpeg,gallina
697.jpeg,cane
4389.jpeg,mucca
4994.jpeg,pecora
2654.jpeg,pecora
555.jpeg,gallina
3133.jpeg,farfalla
3498.jpeg,gallina
2506.jpeg,cane
3566.jpeg,mucca
1634.jpeg,elefante
2683.jpeg,cane
3348.jpeg,pecora
3442.jpeg,elefante
3128.jpeg,cane
2233.jpeg,mucca
1021.jpeg,gallina
332.jpeg,mucca
4773.jpeg,cane
1748.jpeg,pecora
1152.jpeg,ragno
655.jpeg,scoiattolo
1906.jpeg,gallina
4685.jpeg,cane
1718.jpeg,farfalla
3352.jpeg,pecora
793.jpeg,pecora
1316.jpeg,pecora
3805.jpeg,gallina
3272.jpeg,scoiattolo
684.jpeg,gallina
875.jpeg,pecora
928.jpeg,cane
3889.jpeg,farfalla
1805.jpeg,gallina
4544.jpeg,gallina
1714.jpeg,pecora
3893.jpeg,cane
3731.jpeg,gallina
2087.jpeg,gallina
4209.jpeg,gallina
3977.jpeg,cavallo
569.jpeg,gallina
2582.jpeg,cane
616.jpeg,mucca
4195.jpeg,farfalla
980.jpeg,farfalla
4111.jpeg,gallina
585.jpeg,cane
2355.jpeg,cane
2485.jpeg,scoiattolo
4830.jpeg,scoiattolo
3915.jpeg,cane
3531.jpeg,cane
2459.jpeg,mucca
4782.jpeg,gallina
4081.jpeg,cane
4313.jpeg,gallina
2568.jpeg,gallina
3076.jpeg,gallina
3806.jpeg,scoiattolo
4465.jpeg,gallina
3742.jpeg,gallina
1921.jpeg,farfalla
3592.jpeg,gallina
935.jpeg,pecora
4395.jpeg,cavallo
514.jpeg,gallina
4911.jpeg,gallina
4297.jpeg,elefante
4561.jpeg,mucca
4074.jpeg,farfalla
4173.jpeg,gallina
802.jpeg,cavallo
104.jpeg,ragno
1467.jpeg,pecora
177.jpeg,cane
1563.jpeg,pecora
175.jpeg,cane
1232.jpeg,cane
3331.jpeg,cavallo
1326.jpeg,cane
4724.jpeg,ragno
368.jpeg,ragno
2376.jpeg,gallina
2868.jpeg,pecora
3003.jpeg,pecora
2354.jpeg,gallina
3656.jpeg,gatto
1045.jpeg,gallina
1135.jpeg,ragno
2908.jpeg,gallina
3059.jpeg,cavallo
4578.jpeg,ragno
3036.jpeg,gallina
4397.jpeg,cane
4623.jpeg,gallina
1259.jpeg,pecora
1497.jpeg,cane
3099.jpeg,pecora
1521.jpeg,cane
3771.jpeg,pecora
543.jpeg,pecora
3491.jpeg,cane
4135.jpeg,pecora
3490.jpeg,mucca
1845.jpeg,cavallo
1586.jpeg,pecora
1470.jpeg,pecora
1954.jpeg,farfalla
957.jpeg,gallina
3283.jpeg,ragno
847.jpeg,scoiattolo
39.jpeg,mucca
3124.jpeg,ragno
1896.jpeg,pecora
4749.jpeg,gatto
1709.jpeg,pecora
4241.jpeg,cavallo
3256.jpeg,gallina
1466.jpeg,pecora
4.jpeg,farfalla
4949.jpeg,farfalla
2227.jpeg,ragno
3292.jpeg,gallina
4204.jpeg,mucca
3386.jpeg,pecora
2461.jpeg,cane
2999.jpeg,cavallo
817.jpeg,ragno
1396.jpeg,gallina
61.jpeg,pecora
3928.jpeg,mucca
1361.jpeg,gallina
1024.jpeg,mucca
4415.jpeg,cane
4916.jpeg,elefante
1084.jpeg,cane
1301.jpeg,ragno
3110.jpeg,cane
4287.jpeg,ragno
1639.jpeg,farfalla
4553.jpeg,scoiattolo
1618.jpeg,cane
2886.jpeg,gallina
1242.jpeg,gallina
4976.jpeg,gallina
3748.jpeg,gallina
228.jpeg,cavallo
1868.jpeg,gallina
176.jpeg,gallina
2495.jpeg,cane
3885.jpeg,pecora
3318.jpeg,pecora
2170.jpeg,cane
4041.jpeg,elefante
3284.jpeg,gallina
4790.jpeg,ragno
739.jpeg,cane
4279.jpeg,cane
2617.jpeg,cane
2810.jpeg,gallina
227.jpeg,cane
2002.jpeg,cane
4897.jpeg,cane
2895.jpeg,gallina
4404.jpeg,cane
3100.jpeg,cane
2389.jpeg,gallina
2231.jpeg,cane
4411.jpeg,pecora
2935.jpeg,cavallo
880.jpeg,ragno
632.jpeg,elefante
3503.jpeg,gallina
4635.jpeg,pecora
3878.jpeg,gallina
4335.jpeg,scoiattolo
240.jpeg,pecora
385.jpeg,gallina
4645.jpeg,gallina
222.jpeg,mucca
1711.jpeg,pecora
255.jpeg,gallina
3925.jpeg,cane
3924.jpeg,gallina
3863.jpeg,gallina
3816.jpeg,farfalla
4432.jpeg,pecora
3274.jpeg,scoiattolo
4250.jpeg,gallina
1818.jpeg,farfalla
1672.jpeg,mucca
2758.jpeg,elefante
3286.jpeg,gallina
3711.jpeg,gallina
4921.jpeg,cane
2260.jpeg,gallina
2909.jpeg,ragno
1261.jpeg,ragno
3634.jpeg,cane
4378.jpeg,cane
1894.jpeg,pecora
4798.jpeg,cane
1882.jpeg,gallina
2341.jpeg,pecora
896.jpeg,cane
3786.jpeg,mucca
1667.jpeg,gallina
4896.jpeg,ragno
4374.jpeg,gallina
859.jpeg,cane
3695.jpeg,pecora
4870.jpeg,pecora
3690.jpeg,pecora
238.jpeg,cane
3355.jpeg,gallina
736.jpeg,pecora
2765.jpeg,ragno
292.jpeg,cane
3127.jpeg,gallina
765.jpeg,gallina
2111.jpeg,gallina
2812.jpeg,elefante
4925.jpeg,gallina
2619.jpeg,farfalla
2954.jpeg,pecora
452.jpeg,cane
1270.jpeg,pecora
3602.jpeg,cane
4003.jpeg,scoiattolo
3118.jpeg,cavallo
782.jpeg,elefante
2898.jpeg,gallina
4441.jpeg,gallina
162.jpeg,ragno
3040.jpeg,gallina
627.jpeg,gallina
2475.jpeg,farfalla
3413.jpeg,gallina
1679.jpeg,farfalla
4336.jpeg,cavallo
558.jpeg,pecora
4219.jpeg,gallina
2226.jpeg,mucca
4431.jpeg,cane
542.jpeg,gallina
4579.jpeg,cane
4588.jpeg,cane
1442.jpeg,pecora
3262.jpeg,gallina
1373.jpeg,cane
3813.jpeg,ragno
4908.jpeg,cane
2435.jpeg,mucca
284.jpeg,farfalla
2199.jpeg,mucca
554.jpeg,gallina
4613.jpeg,pecora
231.jpeg,gallina
3276.jpeg,gallina
699.jpeg,gallina
3821.jpeg,scoiattolo
259.jpeg,cavallo
4972.jpeg,gallina
3569.jpeg,cane
3379.jpeg,mucca
3142.jpeg,elefante
1583.jpeg,pecora
3004.jpeg,mucca
2958.jpeg,elefante
3130.jpeg,pecora
2519.jpeg,farfalla
1790.jpeg,pecora
2947.jpeg,elefante
2137.jpeg,cavallo
4851.jpeg,gallina
975.jpeg,gallina
3675.jpeg,cane
809.jpeg,cane
435.jpeg,gallina
2781.jpeg,cavallo
1795.jpeg,ragno
4991.jpeg,gallina
2639.jpeg,gallina
273.jpeg,ragno
4545.jpeg,cane
1324.jpeg,cane
2667.jpeg,gallina
3420.jpeg,mucca
3383.jpeg,pecora
4489.jpeg,elefante
3555.jpeg,gallina
3839.jpeg,farfalla
2108.jpeg,scoiattolo
3852.jpeg,mucca
842.jpeg,mucca
1690.jpeg,gallina
2897.jpeg,cane
4239.jpeg,pecora
3982.jpeg,cane
3401.jpeg,gallina
2609.jpeg,mucca
3392.jpeg,mucca
955.jpeg,farfalla
3245.jpeg,mucca
1471.jpeg,cavallo
1391.jpeg,ragno
4006.jpeg,ragno
4948.jpeg,gallina
3665.jpeg,cane
3301.jpeg,mucca
4967.jpeg,pecora
361.jpeg,cane
1870.jpeg,pecora
1298.jpeg,pecora
337.jpeg,pecora
1255.jpeg,farfalla
3961.jpeg,pecora
2409.jpeg,cane
2966.jpeg,mucca
2873.jpeg,cane
4661.jpeg,gallina
837.jpeg,elefante
1890.jpeg,mucca
572.jpeg,pecora
4584.jpeg,cane
3955.jpeg,gallina
3335.jpeg,farfalla
919.jpeg,farfalla
4196.jpeg,scoiattolo
4310.jpeg,pecora
2793.jpeg,ragno
3931.jpeg,elefante
4134.jpeg,gallina
3701.jpeg,elefante
98.jpeg,cavallo
3437.jpeg,cane
3102.jpeg,ragno
1106.jpeg,mucca
2109.jpeg,gallina
2792.jpeg,scoiattolo
3290.jpeg,scoiattolo
2267.jpeg,gallina
3631.jpeg,cavallo
10.jpeg,cane
3271.jpeg,cane
3506.jpeg,cavallo
1390.jpeg,gallina
846.jpeg,ragno
132.jpeg,gallina
3862.jpeg,gallina
124.jpeg,elefante
2666.jpeg,cavallo
913.jpeg,gallina
814.jpeg,cavallo
1013.jpeg,pecora
370.jpeg,pecora
1435.jpeg,cane
2960.jpeg,mucca
848.jpeg,cane
536.jpeg,farfalla
156.jpeg,gallina
967.jpeg,pecora
668.jpeg,elefante
113.jpeg,pecora
4628.jpeg,ragno
1677.jpeg,mucca
439.jpeg,gallina
2155.jpeg,gallina
3617.jpeg,gallina
2018.jpeg,pecora
4430.jpeg,pecora
6.jpeg,gallina
4342.jpeg,gallina
1005.jpeg,elefante
2643.jpeg,gallina
4818.jpeg,pecora
3077.jpeg,cane
982.jpeg,farfalla
2561.jpeg,gallina
747.jpeg,gallina
3106.jpeg,elefante
1017.jpeg,scoiattolo
4045.jpeg,pecora
550.jpeg,cane
4420.jpeg,pecora
566.jpeg,gallina
2802.jpeg,gallina
324.jpeg,mucca
1178.jpeg,ragno
1421.jpeg,pecora
1476.jpeg,pecora
4538.jpeg,gallina
773.jpeg,gallina
2096.jpeg,ragno
2081.jpeg,ragno
3996.jpeg,pecora
404.jpeg,pecora
1474.jpeg,pecora
4534.jpeg,gallina
4283.jpeg,cavallo
2500.jpeg,cane
478.jpeg,cane
93.jpeg,cane
1278.jpeg,gallina
1654.jpeg,gallina
4914.jpeg,gallina
1334.jpeg,gallina
2326.jpeg,farfalla
2320.jpeg,mucca
4033.jpeg,cane
870.jpeg,cane
1459.jpeg,cane
1484.jpeg,gallina
1256.jpeg,cane
798.jpeg,cane
4958.jpeg,cane
4922.jpeg,gallina
2653.jpeg,mucca
4721.jpeg,cane
4630.jpeg,pecora
687.jpeg,farfalla
2620.jpeg,pecora
4811.jpeg,gallina
192.jpeg,ragno
408.jpeg,pecora
3373.jpeg,pecora
2287.jpeg,gallina
4860.jpeg,farfalla
100.jpeg,farfalla
386.jpeg,scoiattolo
2031.jpeg,gallina
2738.jpeg,cavallo
375.jpeg,pecora
465.jpeg,gallina
1138.jpeg,gallina
1132.jpeg,gallina
605.jpeg,gallina
4418.jpeg,pecora
4930.jpeg,scoiattolo
1105.jpeg,mucca
4774.jpeg,farfalla
2054.jpeg,ragno
2448.jpeg,gallina
3178.jpeg,mucca
3371.jpeg,mucca
3187.jpeg,pecora
2403.jpeg,gallina
393.jpeg,pecora
2883.jpeg,gallina
4121.jpeg,mucca
4289.jpeg,gallina
3782.jpeg,cavallo
3578.jpeg,cavallo
952.jpeg,scoiattolo
2825.jpeg,gallina
3424.jpeg,cavallo
1425.jpeg,ragno
2605.jpeg,gallina
4658.jpeg,cavallo
4175.jpeg,cane
3787.jpeg,ragno
2237.jpeg,elefante
3901.jpeg,mucca
4983.jpeg,pecora
2301.jpeg,gallina
4848.jpeg,gallina
2581.jpeg,cane
4205.jpeg,mucca
4866.jpeg,cavallo
1339.jpeg,gallina
843.jpeg,cane
2305.jpeg,scoiattolo
1546.jpeg,pecora
4176.jpeg,cane
3808.jpeg,gallina
4453.jpeg,gallina
4746.jpeg,ragno
3973.jpeg,ragno
1541.jpeg,gallina
3554.jpeg,ragno
2487.jpeg,ragno
3061.jpeg,pecora
206.jpeg,farfalla
4767.jpeg,cavallo
3737.jpeg,pecora
579.jpeg,ragno
3560.jpeg,pecora
1126.jpeg,cane
703.jpeg,gallina
1104.jpeg,gallina
1604.jpeg,gallina
1804.jpeg,cane
1812.jpeg,scoiattolo
598.jpeg,farfalla
3836.jpeg,pecora
2008.jpeg,ragno
1929.jpeg,gallina
3891.jpeg,gallina
4324.jpeg,pecora
303.jpeg,mucca
4334.jpeg,cavallo
2420.jpeg,cane
3060.jpeg,mucca
3322.jpeg,cane
4709.jpeg,mucca
4445.jpeg,farfalla
1491.jpeg,mucca
4608.jpeg,cane
801.jpeg,ragno
3320.jpeg,pecora
2896.jpeg,pecora
2399.jpeg,cane
891.jpeg,farfalla
2238.jpeg,mucca
3195.jpeg,pecora
2553.jpeg,farfalla
1305.jpeg,gallina
2049.jpeg,cane
4483.jpeg,gallina
4526.jpeg,pecora
1869.jpeg,gallina
1140.jpeg,pecora
1243.jpeg,gallina
1685.jpeg,cavallo
3259.jpeg,ragno
24.jpeg,pecora
3609.jpeg,gallina
3417.jpeg,gallina
1566.jpeg,farfalla
4585.jpeg,cane
2188.jpeg,scoiattolo
805.jpeg,cane
647.jpeg,cavallo
636.jpeg,gallina
3874.jpeg,cane
445.jpeg,cane
2297.jpeg,ragno
319.jpeg,gallina
2013.jpeg,gallina
2525.jpeg,mucca
4181.jpeg,cane
4471.jpeg,mucca
11.jpeg,pecora
1061.jpeg,gallina
3205.jpeg,gallina
3509.jpeg,cavallo
90.jpeg,pecora
4907.jpeg,cavallo
3428.jpeg,gallina
1880.jpeg,cavallo
2286.jpeg,pecora
1538.jpeg,gallina
3164.jpeg,scoiattolo
2424.jpeg,cane
751.jpeg,gallina
3235.jpeg,gallina
3848.jpeg,pecora
1609.jpeg,mucca
2537.jpeg,cavallo
1193.jpeg,pecora
4355.jpeg,mucca
3044.jpeg,cane
2445.jpeg,cavallo
2709.jpeg,gallina
3873.jpeg,cavallo
3511.jpeg,elefante
1858.jpeg,gallina
3083.jpeg,pecora
672.jpeg,cane
4966.jpeg,gallina
3031.jpeg,mucca
4459.jpeg,farfalla
2527.jpeg,cavallo
4246.jpeg,pecora
1385.jpeg,farfalla
3104.jpeg,cane
4167.jpeg,mucca
179.jpeg,gallina
696.jpeg,pecora
4293.jpeg,cavallo
80.jpeg,ragno
2017.jpeg,cane
1745.jpeg,mucca
1044.jpeg,cane
3686.jpeg,cane
615.jpeg,ragno
2161.jpeg,gallina
3057.jpeg,pecora
1787.jpeg,gallina
855.jpeg,cane
883.jpeg,mucca
3956.jpeg,cane
2941.jpeg,farfalla
2493.jpeg,gallina
3494.jpeg,ragno
2866.jpeg,gallina
2596.jpeg,elefante
2163.jpeg,gallina
4769.jpeg,gallina
4723.jpeg,mucca
808.jpeg,pecora
2370.jpeg,mucca
3411.jpeg,pecora
1742.jpeg,cane
2585.jpeg,cane
2718.jpeg,cane
1661.jpeg,cane
2777.jpeg,pecora
3936.jpeg,gallina
3558.jpeg,gallina
2574.jpeg,cane
4525.jpeg,pecora
1562.jpeg,cane
3935.jpeg,pecora
1720.jpeg,ragno
711.jpeg,scoiattolo
1224.jpeg,farfalla
3228.jpeg,pecora
3696.jpeg,gallina
2234.jpeg,pecora
1595.jpeg,elefante
2265.jpeg,ragno
449.jpeg,gallina
2047.jpeg,gallina
2395.jpeg,ragno
1552.jpeg,cavallo
1234.jpeg,cane
4052.jpeg,gallina
3364.jpeg,cavallo
3071.jpeg,gallina
119.jpeg,gallina
318.jpeg,cavallo
308.jpeg,cane
1760.jpeg,pecora
3267.jpeg,pecora
3427.jpeg,mucca
3338.jpeg,cavallo
320.jpeg,pecora
110.jpeg,elefante
533.jpeg,farfalla
4143.jpeg,gallina
840.jpeg,ragno
2101.jpeg,cane
2494.jpeg,ragno
3644.jpeg,cane
594.jpeg,pecora
1809.jpeg,gallina
4556.jpeg,scoiattolo
4649.jpeg,elefante
950.jpeg,cane
4069.jpeg,ragno
4992.jpeg,gallina
214.jpeg,cane
4640.jpeg,cane
264.jpeg,farfalla
898.jpeg,gallina
328.jpeg,gatto
1097.jpeg,farfalla
4684.jpeg,gallina
3495.jpeg,gallina
4366.jpeg,cane
1716.jpeg,gallina
1713.jpeg,cavallo
471.jpeg,cane
2451.jpeg,pecora
387.jpeg,farfalla
3188.jpeg,cane
4524.jpeg,pecora
2787.jpeg,cavallo
2036.jpeg,cavallo
741.jpeg,ragno
3315.jpeg,cane
4799.jpeg,gallina
4258.jpeg,gallina
2339.jpeg,elefante
2650.jpeg,elefante
3357.jpeg,cane
1273.jpeg,elefante
4340.jpeg,gallina
3568.jpeg,cane
897.jpeg,gallina
1268.jpeg,gallina
3712.jpeg,gallina
2073.jpeg,cane
4331.jpeg,gallina
2673.jpeg,cavallo
1736.jpeg,cane
3359.jpeg,farfalla
3064.jpeg,gallina
2386.jpeg,gallina
4481.jpeg,pecora
32.jpeg,gallina
1856.jpeg,cavallo
3223.jpeg,pecora
1597.jpeg,cane
4073.jpeg,gallina
1378.jpeg,gallina
3934.jpeg,mucca
3168.jpeg,pecora
3827.jpeg,pecora
2652.jpeg,pecora
578.jpeg,pecora
3063.jpeg,cavallo
4141.jpeg,pecora
3220.jpeg,mucca
1308.jpeg,cane
4752.jpeg,ragno
4139.jpeg,mucca
856.jpeg,cane
1675.jpeg,cavallo
1353.jpeg,cane
4488.jpeg,mucca
989.jpeg,cane
2006.jpeg,pecora
21.jpeg,elefante
4909.jpeg,gallina
2711.jpeg,gallina
1556.jpeg,ragno
353.jpeg,ragno
3669.jpeg,elefante
2138.jpeg,gallina
2848.jpeg,gallina
946.jpeg,farfalla
3572.jpeg,cane
2677.jpeg,cane
1758.jpeg,gallina
1022.jpeg,gallina
2172.jpeg,cane
3856.jpeg,ragno
1623.jpeg,gallina
4423.jpeg,gallina
2141.jpeg,gallina
4668.jpeg,mucca
2712.jpeg,cane
1694.jpeg,gallina
2343.jpeg,pecora
1939.jpeg,cane
4513.jpeg,farfalla
460.jpeg,cane
3047.jpeg,cane
1891.jpeg,scoiattolo
4730.jpeg,mucca
3247.jpeg,gallina
3123.jpeg,gallina
2247.jpeg,gallina
4412.jpeg,gallina
4381.jpeg,gallina
2150.jpeg,cane
1642.jpeg,pecora
2065.jpeg,cane
3112.jpeg,pecora
3388.jpeg,gallina
939.jpeg,mucca
659.jpeg,cane
4446.jpeg,gallina
4162.jpeg,gallina
3551.jpeg,gatto
2867.jpeg,pecora
2331.jpeg,cane
1753.jpeg,gallina
4945.jpeg,gallina
926.jpeg,gallina
562.jpeg,elefante
2720.jpeg,scoiattolo
1626.jpeg,mucca
3215.jpeg,gallina
2547.jpeg,cane
2549.jpeg,farfalla
3254.jpeg,cane
804.jpeg,cane
1411.jpeg,cane
1226.jpeg,gallina
3330.jpeg,cane
2456.jpeg,cane
301.jpeg,cavallo
3010.jpeg,cane
4739.jpeg,gallina
4458.jpeg,gallina
1504.jpeg,gallina
1522.jpeg,mucca
3448.jpeg,elefante
4226.jpeg,cane
839.jpeg,pecora
531.jpeg,gallina
3053.jpeg,ragno
3897.jpeg,mucca
3475.jpeg,elefante
1765.jpeg,pecora
3629.jpeg,cavallo
2996.jpeg,cane
2306.jpeg,scoiattolo
4787.jpeg,pecora
444.jpeg,farfalla
2631.jpeg,gallina
2242.jpeg,cane
4026.jpeg,scoiattolo
494.jpeg,cane
3945.jpeg,gallina
2717.jpeg,cane
1142.jpeg,gallina
1998.jpeg,farfalla
2522.jpeg,pecora
3536.jpeg,scoiattolo
4478.jpeg,cane
53.jpeg,mucca
2763.jpeg,gallina
3163.jpeg,gallina
400.jpeg,gallina
421.jpeg,ragno
797.jpeg,gallina
2615.jpeg,elefante
3091.jpeg,cane
4036.jpeg,ragno
3667.jpeg,gallina
1060.jpeg,farfalla
4747.jpeg,cane
3456.jpeg,elefante
1393.jpeg,gallina
861.jpeg,gallina
3108.jpeg,cane
1895.jpeg,pecora
2430.jpeg,gallina
2767.jpeg,ragno
3822.jpeg,ragno
4207.jpeg,mucca
42.jpeg,pecora
4161.jpeg,gallina
4118.jpeg,mucca
1388.jpeg,elefante
2408.jpeg,scoiattolo
3369.jpeg,ragno
587.jpeg,pecora
2747.jpeg,pecora
2082.jpeg,gallina
69.jpeg,elefante
4502.jpeg,gallina
815.jpeg,elefante
4157.jpeg,cavallo
2544.jpeg,gallina
242.jpeg,cavallo
4606.jpeg,elefante
1689.jpeg,pecora
4883.jpeg,gallina
3601.jpeg,elefante
2400.jpeg,ragno
2482.jpeg,pecora
2336.jpeg,cane
322.jpeg,ragno
1202.jpeg,pecora
4593.jpeg,ragno
2930.jpeg,gallina
3986.jpeg,cane
3788.jpeg,cane
1782.jpeg,pecora
795.jpeg,pecora
4065.jpeg,gatto
3019.jpeg,gallina
2365.jpeg,gatto
89.jpeg,ragno
309.jpeg,pecora
1928.jpeg,pecora
2974.jpeg,gallina
4095.jpeg,ragno
4904.jpeg,gallina
2698.jpeg,cane
567.jpeg,pecora
4694.jpeg,gallina
4713.jpeg,pecora
5.jpeg,farfalla
4650.jpeg,elefante
3845.jpeg,mucca
2115.jpeg,gallina
3643.jpeg,mucca
820.jpeg,gallina
4629.jpeg,ragno
388.jpeg,pecora
4396.jpeg,pecora
4105.jpeg,pecora
3476.jpeg,cavallo
3212.jpeg,gallina
4429.jpeg,mucca
4626.jpeg,cane
4847.jpeg,ragno
3648.jpeg,gallina
2110.jpeg,gallina
3435.jpeg,cane
999.jpeg,gallina
475.jpeg,cane
1756.jpeg,scoiattolo
2106.jpeg,pecora
4704.jpeg,pecora
3194.jpeg,gallina
4852.jpeg,cane
1686.jpeg,gallina
4005.jpeg,cane
1177.jpeg,pecora
2922.jpeg,mucca
603.jpeg,ragno
3919.jpeg,gallina
3789.jpeg,pecora
4234.jpeg,gallina
1318.jpeg,pecora
3489.jpeg,pecora
82.jpeg,pecora
1701.jpeg,cane
2146.jpeg,elefante
3467.jpeg,gallina
272.jpeg,pecora
3487.jpeg,cavallo
4259.jpeg,gallina
3278.jpeg,cavallo
958.jpeg,cane
1128.jpeg,cane
3887.jpeg,cane
327.jpeg,cane
2419.jpeg,gallina
1528.jpeg,mucca
4699.jpeg,cane
2679.jpeg,gallina
2575.jpeg,pecora
2769.jpeg,pecora
3391.jpeg,gallina
3412.jpeg,pecora
1101.jpeg,pecora
1191.jpeg,cane
59.jpeg,cane
3009.jpeg,pecora
916.jpeg,cane
1196.jpeg,cane
1557.jpeg,ragno
1398.jpeg,cane
1248.jpeg,farfalla
3361.jpeg,farfalla
2859.jpeg,pecora
4515.jpeg,pecora
3115.jpeg,pecora
3356.jpeg,mucca
4924.jpeg,gallina
650.jpeg,mucca
2142.jpeg,cane
4700.jpeg,cane
2061.jpeg,gallina
1797.jpeg,pecora
1888.jpeg,gallina
1884.jpeg,gallina
1085.jpeg,pecora
2700.jpeg,cane
3328.jpeg,pecora
3641.jpeg,pecora
537.jpeg,mucca
3589.jpeg,mucca
1229.jpeg,cane
479.jpeg,gallina
2842.jpeg,cavallo
1815.jpeg,cane
3590.jpeg,ragno
3765.jpeg,gallina
4660.jpeg,mucca
1478.jpeg,pecora
4082.jpeg,gallina
4998.jpeg,elefante
4936.jpeg,gallina
2208.jpeg,cane
1913.jpeg,gallina
900.jpeg,pecora
1854.jpeg,gallina
2026.jpeg,gallina
1603.jpeg,pecora
4551.jpeg,gallina
3505.jpeg,pecora
1539.jpeg,mucca
3974.jpeg,pecora
3341.jpeg,pecora
2413.jpeg,pecora
2742.jpeg,pecora
2961.jpeg,gallina
644.jpeg,cane
3904.jpeg,elefante
296.jpeg,elefante
4952.jpeg,pecora
4130.jpeg,pecora
1791.jpeg,gallina
1341.jpeg,gallina
2944.jpeg,ragno
1739.jpeg,cane
4609.jpeg,cane
1367.jpeg,gallina
1039.jpeg,gallina
2599.jpeg,cane
62.jpeg,gallina
4985.jpeg,cane
2902.jpeg,cane
2916.jpeg,mucca
1915.jpeg,pecora
2100.jpeg,ragno
424.jpeg,cane
2116.jpeg,elefante
2325.jpeg,gallina
281.jpeg,mucca
1018.jpeg,farfalla
500.jpeg,gatto
1875.jpeg,gallina
2092.jpeg,gallina
1158.jpeg,cane
3743.jpeg,cane
4169.jpeg,pecora
1631.jpeg,ragno
3068.jpeg,cane
3966.jpeg,cane
2505.jpeg,gallina
3293.jpeg,gallina
3562.jpeg,mucca
830.jpeg,pecora
351.jpeg,gallina
1961.jpeg,cane
604.jpeg,gallina
3018.jpeg,cane
4742.jpeg,ragno
4674.jpeg,gallina
1957.jpeg,elefante
1227.jpeg,pecora
4533.jpeg,elefante
2064.jpeg,cane
4168.jpeg,pecora
434.jpeg,gallina
1510.jpeg,elefante
1614.jpeg,pecora
3677.jpeg,pecora
283.jpeg,cane
756.jpeg,pecora
4631.jpeg,pecora
4542.jpeg,farfalla
3.jpeg,scoiattolo
269.jpeg,gallina
1506.jpeg,mucca
1976.jpeg,scoiattolo
707.jpeg,mucca
492.jpeg,cane
1056.jpeg,gallina
3756.jpeg,farfalla
4290.jpeg,cane
1772.jpeg,ragno
2145.jpeg,farfalla
610.jpeg,gallina
2329.jpeg,ragno
276.jpeg,mucca
120.jpeg,scoiattolo
2472.jpeg,gallina
2515.jpeg,cavallo
3698.jpeg,elefante
4997.jpeg,mucca
1368.jpeg,pecora
189.jpeg,gallina
2728.jpeg,cane
4733.jpeg,mucca
1489.jpeg,gallina
4859.jpeg,pecora
3543.jpeg,mucca
4107.jpeg,pecora
1223.jpeg,gallina
4604.jpeg,cavallo
1351.jpeg,cavallo
2931.jpeg,cane
4714.jpeg,cavallo
692.jpeg,gallina
4800.jpeg,cane
4075.jpeg,cavallo
4928.jpeg,cane
2068.jpeg,gallina
3189.jpeg,farfalla
786.jpeg,cane
2010.jpeg,cane
1068.jpeg,gallina
2991.jpeg,pecora
3832.jpeg,cane
1778.jpeg,gallina
4015.jpeg,mucca
3197.jpeg,pecora
1770.jpeg,mucca
1932.jpeg,pecora
4079.jpeg,cavallo
128.jpeg,mucca
2618.jpeg,pecora
2196.jpeg,pecora
2882.jpeg,gallina
4815.jpeg,gallina
4521.jpeg,cane
4358.jpeg,gallina
3950.jpeg,gallina
1493.jpeg,ragno
81.jpeg,gallina
2807.jpeg,cane
2478.jpeg,cane
1700.jpeg,gallina
150.jpeg,scoiattolo
2556.jpeg,gallina
4421.jpeg,cane
2982.jpeg,ragno
3378.jpeg,pecora
3627.jpeg,cane
1625.jpeg,gallina
4941.jpeg,mucca
4734.jpeg,cane
4067.jpeg,farfalla
3876.jpeg,farfalla
2250.jpeg,elefante
1499.jpeg,gallina
3422.jpeg,pecora
4506.jpeg,pecora
4384.jpeg,cane
406.jpeg,cane
3850.jpeg,gallina
4788.jpeg,gallina
3807.jpeg,cane
4563.jpeg,pecora
2938.jpeg,pecora
395.jpeg,ragno
1090.jpeg,cavallo
1282.jpeg,gallina
1463.jpeg,cane
4341.jpeg,gallina
2508.jpeg,ragno
4654.jpeg,ragno
4825.jpeg,elefante
1294.jpeg,pecora
816.jpeg,ragno
99.jpeg,gallina
4570.jpeg,gallina
2660.jpeg,pecora
1241.jpeg,gallina
3291.jpeg,mucca
302.jpeg,mucca
4678.jpeg,elefante
1668.jpeg,ragno
1154.jpeg,elefante
2103.jpeg,ragno
2020.jpeg,cane
4014.jpeg,pecora
4566.jpeg,cane
346.jpeg,pecora
3414.jpeg,ragno
2176.jpeg,pecora
1841.jpeg,gallina
3313.jpeg,gallina
970.jpeg,cane
929.jpeg,cane
3713.jpeg,cane
63.jpeg,cane
738.jpeg,gallina
524.jpeg,pecora
72.jpeg,cane
2023.jpeg,cane
3960.jpeg,gallina
2129.jpeg,ragno
3645.jpeg,gallina
3135.jpeg,pecora
4905.jpeg,pecora
2870.jpeg,gallina
513.jpeg,ragno
109.jpeg,gallina
1161.jpeg,scoiattolo
3029.jpeg,cane
1272.jpeg,gallina
4356.jpeg,pecora
2479.jpeg,cane
200.jpeg,gallina
96.jpeg,pecora
3482.jpeg,farfalla
561.jpeg,farfalla
3954.jpeg,pecora
785.jpeg,cavallo
285.jpeg,gallina
1079.jpeg,pecora
877.jpeg,gallina
4794.jpeg,cavallo
3400.jpeg,cane
2813.jpeg,mucca
4765.jpeg,cane
495.jpeg,mucca
4755.jpeg,pecora
1155.jpeg,farfalla
2198.jpeg,pecora
3550.jpeg,pecora
1246.jpeg,gallina
1123.jpeg,pecora
4933.jpeg,scoiattolo
2580.jpeg,cane
1648.jpeg,pecora
323.jpeg,scoiattolo
2569.jpeg,gallina
3800.jpeg,cane
1578.jpeg,ragno
3959.jpeg,ragno
1317.jpeg,ragno
2223.jpeg,gallina
3067.jpeg,elefante
2601.jpeg,cane
1912.jpeg,pecora
676.jpeg,gallina
3014.jpeg,cane
3964.jpeg,ragno
1628.jpeg,cane
1328.jpeg,cane
56.jpeg,scoiattolo
3147.jpeg,pecora
118.jpeg,cane
1611.jpeg,farfalla
4435.jpeg,gallina
3362.jpeg,cane
3486.jpeg,gallina
1200.jpeg,pecora
4249.jpeg,gallina
4750.jpeg,mucca
4599.jpeg,pecora
4624.jpeg,pecora
639.jpeg,gallina
209.jpeg,cane
1347.jpeg,ragno
2710.jpeg,gallina
821.jpeg,farfalla
3051.jpeg,gallina
1678.jpeg,farfalla
4968.jpeg,gallina
2446.jpeg,pecora
2814.jpeg,gallina
3911.jpeg,mucca
4676.jpeg,ragno
3776.jpeg,ragno
2470.jpeg,cane
1814.jpeg,mucca
490.jpeg,mucca
2864.jpeg,cane
2140.jpeg,pecora
2925.jpeg,gallina
252.jpeg,farfalla
4372.jpeg,cavallo
155.jpeg,cane
3233.jpeg,ragno
168.jpeg,pecora
4999.jpeg,pecora
4171.jpeg,mucca
1220.jpeg,mucca
807.jpeg,gallina
4451.jpeg,cavallo
2396.jpeg,gallina
582.jpeg,pecora
2211.jpeg,farfalla
4712.jpeg,cane
4692.jpeg,gallina
3688.jpeg,scoiattolo
4317.jpeg,pecora
1151.jpeg,gallina
725.jpeg,mucca
136.jpeg,cane
3327.jpeg,ragno
1212.jpeg,pecora
4807.jpeg,gallina
621.jpeg,gallina
3035.jpeg,cavallo
3092.jpeg,gallina
2181.jpeg,gallina
2923.jpeg,gallina
901.jpeg,pecora
690.jpeg,pecora
1404.jpeg,pecora
467.jpeg,elefante
2317.jpeg,cane
695.jpeg,cane
1430.jpeg,gallina
3532.jpeg,cane
4133.jpeg,gallina
4002.jpeg,pecora
3202.jpeg,scoiattolo
193.jpeg,ragno
4350.jpeg,gallina
3564.jpeg,cane
4691.jpeg,cane
2055.jpeg,cane
4737.jpeg,pecora
3078.jpeg,scoiattolo
2552.jpeg,gallina
3162.jpeg,farfalla
673.jpeg,pecora
2760.jpeg,mucca
243.jpeg,cane
4472.jpeg,gallina
3726.jpeg,pecora
1214.jpeg,gallina
3136.jpeg,mucca
1276.jpeg,cane
4682.jpeg,pecora
306.jpeg,pecora
2335.jpeg,gallina
4464.jpeg,pecora
1924.jpeg,pecora
1352.jpeg,gallina
398.jpeg,pecora
3151.jpeg,cane
3155.jpeg,cane
3654.jpeg,elefante
2368.jpeg,gallina
2959.jpeg,cane
4573.jpeg,gallina
4853.jpeg,scoiattolo
26.jpeg,scoiattolo
4894.jpeg,gallina
2570.jpeg,ragno
3927.jpeg,pecora
2263.jpeg,pecora
3374.jpeg,gallina
2695.jpeg,gallina
2819.jpeg,ragno
2623.jpeg,cane
1266.jpeg,mucca
3778.jpeg,mucca
2614.jpeg,ragno
787.jpeg,pecora
4602.jpeg,mucca
381.jpeg,pecora
2929.jpeg,mucca
4567.jpeg,farfalla
1989.jpeg,cavallo
1728.jpeg,mucca
4281.jpeg,pecora
2833.jpeg,pecora
4416.jpeg,gallina
3664.jpeg,cane
1676.jpeg,ragno
2831.jpeg,cane
4393.jpeg,cane
1591.jpeg,cane
3718.jpeg,gallina
755.jpeg,pecora
1724.jpeg,ragno
3678.jpeg,cane
2345.jpeg,pecora
930.jpeg,gallina
298.jpeg,gallina
4050.jpeg,gallina
4294.jpeg,gallina
167.jpeg,pecora
3382.jpeg,gallina
233.jpeg,farfalla
2394.jpeg,gallina
4326.jpeg,pecora
2509.jpeg,scoiattolo
1903.jpeg,cane
2074.jpeg,gallina
1938.jpeg,elefante
4298.jpeg,cane
3289.jpeg,cane
4717.jpeg,cavallo
4532.jpeg,gallina
3002.jpeg,gallina
945.jpeg,mucca
1664.jpeg,elefante
4021.jpeg,scoiattolo
1253.jpeg,pecora
1616.jpeg,pecora
2591.jpeg,cane
525.jpeg,gallina
2577.jpeg,elefante
331.jpeg,gallina
3622.jpeg,pecora
3304.jpeg,gallina
4829.jpeg,cane
2490.jpeg,pecora
3367.jpeg,gallina
1265.jpeg,mucca
4854.jpeg,gallina
4319.jpeg,ragno
3368.jpeg,gallina
2979.jpeg,cavallo
2216.jpeg,gallina
4780.jpeg,cavallo
781.jpeg,cane
1386.jpeg,farfalla
1972.jpeg,gallina
776.jpeg,gallina
4202.jpeg,mucca
1323.jpeg,mucca
4698.jpeg,pecora
2725.jpeg,gallina
4315.jpeg,pecora
2881.jpeg,farfalla
1970.jpeg,gallina
1767.jpeg,cavallo
4093.jpeg,gallina
4438.jpeg,gallina
2871.jpeg,farfalla
2177.jpeg,pecora
4127.jpeg,mucca
3522.jpeg,cane
742.jpeg,elefante
3984.jpeg,mucca
4049.jpeg,pecora
4775.jpeg,gallina
3221.jpeg,cane
2245.jpeg,gallina
1184.jpeg,gallina
4673.jpeg,scoiattolo
1653.jpeg,farfalla
4129.jpeg,cane
4863.jpeg,cavallo
2118.jpeg,pecora
2672.jpeg,pecora
1680.jpeg,cane
3951.jpeg,farfalla
2128.jpeg,elefante
2184.jpeg,ragno
1279.jpeg,cane
3468.jpeg,gallina
2050.jpeg,ragno
4586.jpeg,cavallo
740.jpeg,cane
3237.jpeg,gallina
1277.jpeg,gallina
4753.jpeg,mucca
1475.jpeg,gallina
3349.jpeg,gallina
1902.jpeg,gallina
792.jpeg,pecora
1114.jpeg,mucca
1173.jpeg,cane
3818.jpeg,gallina
4215.jpeg,gallina
1918.jpeg,cane
3434.jpeg,pecora
949.jpeg,cane
1900.jpeg,farfalla
2429.jpeg,mucca
4379.jpeg,mucca
2460.jpeg,pecora
4046.jpeg,ragno
1107.jpeg,mucca
1486.jpeg,pecora
1889.jpeg,ragno
2139.jpeg,cane
4607.jpeg,gallina
4690.jpeg,elefante
857.jpeg,gallina
1293.jpeg,gallina
1584.jpeg,cane
2602.jpeg,cane
1464.jpeg,pecora
3345.jpeg,gallina
4651.jpeg,pecora
4873.jpeg,cane
1363.jpeg,cavallo
4109.jpeg,gallina
2550.jpeg,pecora
2189.jpeg,ragno
2113.jpeg,elefante
3692.jpeg,ragno
447.jpeg,gallina
3673.jpeg,pecora
3923.jpeg,scoiattolo
2659.jpeg,pecora
2607.jpeg,cane
3339.jpeg,cane
415.jpeg,mucca
4235.jpeg,cane
3922.jpeg,farfalla
4846.jpeg,cane
1904.jpeg,ragno
2200.jpeg,farfalla
4974.jpeg,cavallo
3898.jpeg,gallina
2837.jpeg,gallina
1715.jpeg,gallina
226.jpeg,pecora
2514.jpeg,farfalla
2696.jpeg,farfalla
4666.jpeg,gallina
932.jpeg,gallina
3041.jpeg,cane
2774.jpeg,gallina
3269.jpeg,cane
455.jpeg,pecora
3302.jpeg,gallina
1176.jpeg,pecora
944.jpeg,gallina
2826.jpeg,farfalla
3172.jpeg,gallina
3483.jpeg,gallina
3618.jpeg,gallina
1579.jpeg,pecora
3037.jpeg,gallina
4836.jpeg,gallina
2009.jpeg,gatto
3190.jpeg,mucca
4024.jpeg,gallina
3783.jpeg,gallina
2407.jpeg,cane
4369.jpeg,farfalla
97.jpeg,mucca
2169.jpeg,gallina
4274.jpeg,gallina
1993.jpeg,gallina
2374.jpeg,cane
4271.jpeg,ragno
660.jpeg,pecora
1575.jpeg,pecora
2733.jpeg,gallina
1879.jpeg,cane
4722.jpeg,gallina
358.jpeg,cane
1280.jpeg,cane
3429.jpeg,gatto
4009.jpeg,cane
1089.jpeg,ragno
3049.jpeg,cane
2218.jpeg,pecora
2852.jpeg,gallina
3998.jpeg,elefante
1171.jpeg,gallina
1777.jpeg,ragno
1663.jpeg,cane
4482.jpeg,cavallo
3685.jpeg,pecora
1053.jpeg,pecora
2344.jpeg,cane
1251.jpeg,mucca
4510.jpeg,pecora
2845.jpeg,farfalla
1883.jpeg,gallina
2875.jpeg,cavallo
3917.jpeg,scoiattolo
3548.jpeg,gallina
2511.jpeg,gallina
774.jpeg,pecora
4625.jpeg,pecora
4659.jpeg,gallina
1180.jpeg,pecora
4571.jpeg,pecora
506.jpeg,cane
1719.jpeg,cane
2545.jpeg,pecora
3027.jpeg,pecora
4253.jpeg,farfalla
831.jpeg,pecora
763.jpeg,gallina
4810.jpeg,cane
1458.jpeg,cane
1517.jpeg,cane
1258.jpeg,mucca
2293.jpeg,mucca
1798.jpeg,farfalla
1640.jpeg,pecora
2321.jpeg,pecora
2752.jpeg,cane
2685.jpeg,gallina
3921.jpeg,scoiattolo
1469.jpeg,scoiattolo
4817.jpeg,gallina
1035.jpeg,gallina
1147.jpeg,cane
19.jpeg,scoiattolo
4783.jpeg,gallina
1524.jpeg,mucca
2770.jpeg,gallina
914.jpeg,cane
4761.jpeg,pecora
2513.jpeg,cane
678.jpeg,cane
1523.jpeg,farfalla
3307.jpeg,cane
2889.jpeg,gallina
3719.jpeg,farfalla
3095.jpeg,gallina
105.jpeg,cavallo
1964.jpeg,pecora
1509.jpeg,cane
4182.jpeg,gallina
1573.jpeg,cane
838.jpeg,farfalla
968.jpeg,gallina
1371.jpeg,farfalla
4252.jpeg,cavallo
4382.jpeg,cane
549.jpeg,gallina
2998.jpeg,ragno
3744.jpeg,cane
383.jpeg,mucca
4920.jpeg,elefante
4001.jpeg,cane
602.jpeg,pecora
2694.jpeg,pecora
3181.jpeg,gallina
2034.jpeg,cavallo
4354.jpeg,cavallo
4158.jpeg,scoiattolo
3769.jpeg,gallina
1291.jpeg,ragno
4831.jpeg,gallina
754.jpeg,ragno
4099.jpeg,gallina
921.jpeg,pecora
1087.jpeg,cane
1203.jpeg,pecora
3913.jpeg,cane
3451.jpeg,cane
2529.jpeg,farfalla
125.jpeg,gallina
2924.jpeg,farfalla
4596.jpeg,cane
4803.jpeg,pecora
2318.jpeg,gallina
131.jpeg,elefante
3082.jpeg,ragno
130.jpeg,pecora
1495.jpeg,mucca
1188.jpeg,mucca
4900.jpeg,cane
907.jpeg,ragno
3980.jpeg,gallina
4048.jpeg,ragno
2191.jpeg,cane
2543.jpeg,gallina
3604.jpeg,cane
4785.jpeg,gallina
3440.jpeg,ragno
4805.jpeg,scoiattolo
4485.jpeg,gallina
3096.jpeg,cane
2627.jpeg,pecora
1076.jpeg,scoiattolo
1461.jpeg,pecora
1007.jpeg,scoiattolo
2246.jpeg,scoiattolo
3872.jpeg,scoiattolo
3529.jpeg,farfalla
4029.jpeg,mucca
3574.jpeg,mucca
2428.jpeg,gallina
2713.jpeg,gallina
1025.jpeg,cane
1374.jpeg,gallina
623.jpeg,gallina
2171.jpeg,pecora
2162.jpeg,cane
256.jpeg,cane
4197.jpeg,pecora
2052.jpeg,pecora
2876.jpeg,gallina
47.jpeg,pecora
2058.jpeg,pecora
212.jpeg,scoiattolo
2144.jpeg,cavallo
2773.jpeg,ragno
2449.jpeg,cane
2402.jpeg,pecora
4867.jpeg,pecora
2289.jpeg,gallina
597.jpeg,gallina
727.jpeg,pecora
3496.jpeg,ragno
2635.jpeg,cane
4032.jpeg,gallina
1763.jpeg,pecora
1306.jpeg,cane
3175.jpeg,pecora
4850.jpeg,cavallo
4306.jpeg,pecora
2021.jpeg,gallina
1819.jpeg,pecora
3576.jpeg,mucca
934.jpeg,ragno
2464.jpeg,gallina
1355.jpeg,gallina
761.jpeg,pecora
2915.jpeg,ragno
1327.jpeg,pecora
1627.jpeg,ragno
1525.jpeg,scoiattolo
1734.jpeg,gallina
4144.jpeg,farfalla
3363.jpeg,mucca
3879.jpeg,farfalla
2044.jpeg,cane
3666.jpeg,cane
3088.jpeg,mucca
3206.jpeg,cane
2112.jpeg,elefante
4547.jpeg,gallina
3007.jpeg,pecora
3623.jpeg,gallina
1848.jpeg,gallina
2917.jpeg,cavallo
3725.jpeg,gallina
523.jpeg,elefante
4954.jpeg,gallina
4035.jpeg,pecora
347.jpeg,gallina
2257.jpeg,gallina
790.jpeg,gallina
1966.jpeg,pecora
1520.jpeg,gallina
4470.jpeg,ragno
4038.jpeg,pecora
2740.jpeg,cavallo
3871.jpeg,mucca
2266.jpeg,gallina
1441.jpeg,ragno
71.jpeg,cane
3577.jpeg,gallina
3699.jpeg,cane
893.jpeg,gallina
4251.jpeg,mucca
165.jpeg,ragno
865.jpeg,pecora
2212.jpeg,gallina
482.jpeg,elefante
1651.jpeg,gallina
2078.jpeg,cane
3499.jpeg,pecora
191.jpeg,pecora
314.jpeg,cane
3408.jpeg,gallina
1699.jpeg,gallina
2984.jpeg,pecora
2507.jpeg,pecora
348.jpeg,mucca
4025.jpeg,mucca
3541.jpeg,pecora
3129.jpeg,cane
634.jpeg,pecora
3425.jpeg,gallina
4072.jpeg,farfalla
1111.jpeg,gallina
1860.jpeg,cane
4527.jpeg,gallina
4200.jpeg,gallina
1977.jpeg,pecora
20.jpeg,cane
2333.jpeg,farfalla
2804.jpeg,gallina
1051.jpeg,mucca
3843.jpeg,gallina
1637.jpeg,cavallo
4617.jpeg,cane
3389.jpeg,pecora
658.jpeg,gallina
4917.jpeg,cane
4103.jpeg,cane
1638.jpeg,scoiattolo
1370.jpeg,gallina
2640.jpeg,gallina
866.jpeg,elefante
1115.jpeg,ragno
3567.jpeg,cane
515.jpeg,cane
2824.jpeg,scoiattolo
1153.jpeg,pecora
2484.jpeg,cavallo
139.jpeg,ragno
184.jpeg,pecora
2405.jpeg,cane
1360.jpeg,gallina
2805.jpeg,cavallo
4280.jpeg,cane
4467.jpeg,cane
3975.jpeg,pecora
2235.jpeg,farfalla
3546.jpeg,elefante
4528.jpeg,pecora
2076.jpeg,cane
1652.jpeg,gallina
3670.jpeg,farfalla
1691.jpeg,gallina
643.jpeg,pecora
4833.jpeg,pecora
1862.jpeg,pecora
4855.jpeg,ragno
2932.jpeg,gallina
3693.jpeg,ragno
4731.jpeg,gallina
1392.jpeg,cavallo
717.jpeg,gallina
1838.jpeg,cane
3321.jpeg,mucca
2197.jpeg,scoiattolo
1800.jpeg,cavallo
1208.jpeg,cavallo
3275.jpeg,gallina
161.jpeg,gallina
3497.jpeg,cane
290.jpeg,gallina
4902.jpeg,gallina
3439.jpeg,pecora
1558.jpeg,scoiattolo
2501.jpeg,pecora
1166.jpeg,cavallo
4672.jpeg,pecora
4213.jpeg,cane
753.jpeg,gallina
2048.jpeg,cane
4078.jpeg,gallina
15.jpeg,gallina
1570.jpeg,cavallo
4643.jpeg,pecora
3682.jpeg,pecora
2384.jpeg,pecora
964.jpeg,cavallo
648.jpeg,cavallo
942.jpeg,cane
2292.jpeg,gallina
2680.jpeg,ragno
4217.jpeg,gallina
4582.jpeg,pecora
3156.jpeg,gallina
1354.jpeg,gallina
4680.jpeg,gallina
2887.jpeg,gallina
656.jpeg,elefante
4689.jpeg,ragno
528.jpeg,pecora
2644.jpeg,gallina
882.jpeg,gallina
2818.jpeg,elefante
2175.jpeg,gallina
3661.jpeg,cane
1635.jpeg,cane
503.jpeg,gallina
3105.jpeg,cane
1783.jpeg,elefante
4244.jpeg,cavallo
4548.jpeg,gallina
1019.jpeg,gallina
4823.jpeg,cane
1806.jpeg,gallina
1737.jpeg,cane
326.jpeg,cane
1133.jpeg,pecora
312.jpeg,elefante
863.jpeg,gallina
1157.jpeg,gallina
262.jpeg,cane
726.jpeg,ragno
3287.jpeg,gallina
2042.jpeg,cane
2358.jpeg,cane
2356.jpeg,gallina
2606.jpeg,cane
4088.jpeg,pecora
4402.jpeg,mucca
4751.jpeg,cane
3298.jpeg,ragno
483.jpeg,gallina
3851.jpeg,cane
2045.jpeg,cane
2041.jpeg,elefante
3340.jpeg,mucca
1207.jpeg,gallina
4444.jpeg,gallina
4365.jpeg,cane
2658.jpeg,gallina
203.jpeg,mucca
371.jpeg,mucca
215.jpeg,cane
4151.jpeg,gallina
315.jpeg,mucca
1947.jpeg,pecora
1350.jpeg,cane
1432.jpeg,ragno
3570.jpeg,ragno
4529.jpeg,pecora
3519.jpeg,ragno
1899.jpeg,elefante
4428.jpeg,cane
442.jpeg,scoiattolo
2688.jpeg,cavallo
3485.jpeg,cane
3714.jpeg,gallina
1247.jpeg,ragno
1951.jpeg,gallina
16.jpeg,cavallo
2308.jpeg,gallina
4276.jpeg,gallina
4876.jpeg,mucca
1775.jpeg,ragno
217.jpeg,ragno
4172.jpeg,farfalla
1548.jpeg,gallina
2214.jpeg,pecora
4055.jpeg,farfalla
4165.jpeg,cavallo
4295.jpeg,gallina
1109.jpeg,pecora
2382.jpeg,pecora
2594.jpeg,mucca
2392.jpeg,cane
2874.jpeg,pecora
498.jpeg,cane
44.jpeg,pecora
2380.jpeg,cane
33.jpeg,pecora
1027.jpeg,gallina
1236.jpeg,cavallo
4272.jpeg,cavallo
775.jpeg,gallina
1172.jpeg,gallina
3111.jpeg,pecora
3588.jpeg,gallina
3056.jpeg,cavallo
117.jpeg,gallina
2736.jpeg,cane
4899.jpeg,pecora
2441.jpeg,scoiattolo
3798.jpeg,cavallo
220.jpeg,mucca
3398.jpeg,elefante
1397.jpeg,gallina
1822.jpeg,gallina
2776.jpeg,cane
1741.jpeg,gallina
425.jpeg,pecora
4903.jpeg,gallina
4193.jpeg,cavallo
689.jpeg,gallina
1801.jpeg,cavallo
3347.jpeg,mucca
4688.jpeg,gallina
2988.jpeg,ragno
2094.jpeg,scoiattolo
2854.jpeg,gallina
1414.jpeg,ragno
2903.jpeg,mucca
1599.jpeg,mucca
2727.jpeg,gallina
2551.jpeg,pecora
4146.jpeg,farfalla
2350.jpeg,cavallo
4957.jpeg,farfalla
3450.jpeg,gallina
745.jpeg,pecora
38.jpeg,cane
248.jpeg,pecora
1020.jpeg,scoiattolo
2273.jpeg,gallina
3310.jpeg,pecora
1006.jpeg,cavallo
1500.jpeg,mucca
3477.jpeg,pecora
920.jpeg,pecora
4362.jpeg,pecora
2541.jpeg,cavallo
3733.jpeg,gallina
2970.jpeg,cavallo
833.jpeg,farfalla
3764.jpeg,cane
1953.jpeg,pecora
357.jpeg,pecora
769.jpeg,gallina
1624.jpeg,cane
2229.jpeg,cane
1269.jpeg,pecora
2294.jpeg,ragno
2693.jpeg,farfalla
4938.jpeg,gallina
4011.jpeg,pecora
835.jpeg,gallina
3575.jpeg,gallina
2502.jpeg,ragno
443.jpeg,cane
2012.jpeg,cavallo
4351.jpeg,farfalla
4422.jpeg,gallina
1833.jpeg,cane
1340.jpeg,pecora
2600.jpeg,cane
4523.jpeg,cane
3542.jpeg,pecora
2296.jpeg,pecora
3599.jpeg,gallina
580.jpeg,cane
317.jpeg,cane
485.jpeg,pecora
3337.jpeg,cane
1088.jpeg,gallina
2304.jpeg,ragno
4405.jpeg,gallina
3865.jpeg,gatto
4946.jpeg,gallina
3149.jpeg,cane
1567.jpeg,cane
1984.jpeg,gallina
4094.jpeg,cane
1982.jpeg,gallina
3995.jpeg,pecora
3218.jpeg,pecora
2097.jpeg,gallina
4505.jpeg,cane
4791.jpeg,pecora
917.jpeg,scoiattolo
912.jpeg,cane
1666.jpeg,gallina
4577.jpeg,scoiattolo
2532.jpeg,pecora
22.jpeg,gallina
991.jpeg,gallina
1725.jpeg,gallina
1093.jpeg,farfalla
1617.jpeg,gallina
3635.jpeg,gallina
4456.jpeg,gallina
1823.jpeg,farfalla
3837.jpeg,pecora
4208.jpeg,ragno
2183.jpeg,gallina
2298.jpeg,cavallo
3797.jpeg,gallina
3943.jpeg,elefante
295.jpeg,ragno
674.jpeg,farfalla
2433.jpeg,cane
1955.jpeg,elefante
3802.jpeg,farfalla
2656.jpeg,cane
4764.jpeg,pecora
1134.jpeg,scoiattolo
3351.jpeg,pecora
4408.jpeg,mucca
4926.jpeg,gallina
577.jpeg,pecora
3134.jpeg,cane
1443.jpeg,farfalla
1213.jpeg,gallina
4705.jpeg,gallina
626.jpeg,cane
2722.jpeg,cavallo
3203.jpeg,cane
2422.jpeg,cane
4697.jpeg,pecora
2526.jpeg,cavallo
423.jpeg,pecora
1175.jpeg,cane
2279.jpeg,farfalla
1429.jpeg,pecora
2387.jpeg,cane
3707.jpeg,elefante
1620.jpeg,farfalla
3407.jpeg,pecora
3593.jpeg,gallina
2918.jpeg,gallina
2701.jpeg,pecora
841.jpeg,pecora
4743.jpeg,pecora
3636.jpeg,cane
4663.jpeg,cavallo
3052.jpeg,gallina
4580.jpeg,mucca
1496.jpeg,gallina
1540.jpeg,gallina
4993.jpeg,cavallo
106.jpeg,cane
1408.jpeg,gallina
630.jpeg,cane
4656.jpeg,farfalla
4201.jpeg,cane
4284.jpeg,gallina
4245.jpeg,pecora
3436.jpeg,cane
4257.jpeg,gallina
894.jpeg,ragno
4345.jpeg,pecora
2546.jpeg,pecora
4748.jpeg,gallina
2427.jpeg,cane
2756.jpeg,mucca
2879.jpeg,elefante
4191.jpeg,ragno
1498.jpeg,pecora
4942.jpeg,mucca
3017.jpeg,cane
2920.jpeg,gallina
1299.jpeg,pecora
4439.jpeg,cane
1968.jpeg,gallina
4601.jpeg,pecora
1956.jpeg,cavallo
3534.jpeg,gallina
4057.jpeg,gallina
2411.jpeg,farfalla
3236.jpeg,ragno
3952.jpeg,gallina
329.jpeg,gallina
4572.jpeg,gallina
3861.jpeg,gallina
1036.jpeg,gallina
3794.jpeg,farfalla
340.jpeg,farfalla
3358.jpeg,mucca
4874.jpeg,pecora
3054.jpeg,gallina
2588.jpeg,pecora
3343.jpeg,pecora
1144.jpeg,pecora
1755.jpeg,gallina
1086.jpeg,ragno
3918.jpeg,farfalla
3219.jpeg,cane
4587.jpeg,cane
3864.jpeg,elefante
3875.jpeg,gallina
553.jpeg,pecora
2862.jpeg,pecora
195.jpeg,cane
715.jpeg,gallina
3603.jpeg,pecora
349.jpeg,gallina
1329.jpeg,gallina
1356.jpeg,gallina
4087.jpeg,pecora
3723.jpeg,pecora
758.jpeg,cane
2829.jpeg,cane
2236.jpeg,cavallo
4344.jpeg,pecora
713.jpeg,gallina
3399.jpeg,farfalla
3492.jpeg,cane
1658.jpeg,mucca
4518.jpeg,gallina
3257.jpeg,scoiattolo
3166.jpeg,farfalla
4329.jpeg,mucca
4824.jpeg,gallina
3804.jpeg,gallina
2637.jpeg,cane
2888.jpeg,cane
2536.jpeg,cavallo
1710.jpeg,mucca
3460.jpeg,pecora
1999.jpeg,cane
2668.jpeg,gallina
3992.jpeg,cane
2224.jpeg,elefante
4466.jpeg,mucca
1873.jpeg,ragno
563.jpeg,pecora
573.jpeg,mucca
606.jpeg,ragno
4128.jpeg,pecora
1629.jpeg,cane
4621.jpeg,gallina
1502.jpeg,pecora
654.jpeg,cavallo
1607.jpeg,pecora
4595.jpeg,gallina
3493.jpeg,gallina
3537.jpeg,cane
2983.jpeg,cane
4263.jpeg,gallina
336.jpeg,ragno
2782.jpeg,cavallo
2295.jpeg,gallina
4913.jpeg,scoiattolo
881.jpeg,scoiattolo
1535.jpeg,scoiattolo
201.jpeg,pecora
1082.jpeg,elefante
2755.jpeg,cane
2593.jpeg,elefante
1589.jpeg,ragno
1673.jpeg,pecora
1433.jpeg,mucca
3396.jpeg,pecora
2524.jpeg,farfalla
619.jpeg,farfalla
4190.jpeg,gallina
3457.jpeg,pecora
1965.jpeg,ragno
1420.jpeg,scoiattolo
1946.jpeg,scoiattolo
3761.jpeg,gallina
2119.jpeg,gallina
289.jpeg,gallina
378.jpeg,farfalla
1482.jpeg,gallina
3026.jpeg,cavallo
778.jpeg,cane
373.jpeg,gallina
2166.jpeg,elefante
1069.jpeg,mucca
3926.jpeg,cane
3461.jpeg,mucca
4959.jpeg,cane
1740.jpeg,cane
4740.jpeg,cane
1933.jpeg,cane
3101.jpeg,pecora
3465.jpeg,gallina
86.jpeg,cane
4496.jpeg,gallina
4120.jpeg,cane
1581.jpeg,cane
2207.jpeg,farfalla
2291.jpeg,mucca
2981.jpeg,gallina
4681.jpeg,pecora
3655.jpeg,pecora
4187.jpeg,cane
4275.jpeg,gallina
3932.jpeg,pecora
3423.jpeg,gallina
3722.jpeg,elefante
2731.jpeg,farfalla
2122.jpeg,gallina
4189.jpeg,cane
2452.jpeg,elefante
2019.jpeg,mucca
3039.jpeg,cane
198.jpeg,gallina
174.jpeg,gallina
1846.jpeg,cane
2682.jpeg,cane
4264.jpeg,mucca
188.jpeg,pecora
3985.jpeg,cane
1402.jpeg,pecora
3452.jpeg,gallina
4530.jpeg,elefante
3703.jpeg,farfalla
1434.jpeg,cavallo
3116.jpeg,pecora
412.jpeg,gallina
1962.jpeg,pecora
4030.jpeg,ragno
1554.jpeg,gallina
4076.jpeg,mucca
799.jpeg,gallina
1372.jpeg,gallina
1959.jpeg,scoiattolo
430.jpeg,pecora
4137.jpeg,gallina
3244.jpeg,ragno
1250.jpeg,pecora
4622.jpeg,cane
3246.jpeg,cane
311.jpeg,ragno
1394.jpeg,gallina
3248.jpeg,farfalla
586.jpeg,cane
2956.jpeg,gallina
4442.jpeg,gallina
2678.jpeg,scoiattolo
4512.jpeg,cane
1186.jpeg,pecora
507.jpeg,scoiattolo
2604.jpeg,gallina
873.jpeg,cavallo
355.jpeg,pecora
1407.jpeg,cavallo
363.jpeg,cane
4762.jpeg,cane
512.jpeg,cane
2790.jpeg,gallina
4371.jpeg,pecora
3621.jpeg,gallina
2152.jpeg,cavallo
576.jpeg,cane
2164.jpeg,scoiattolo
2174.jpeg,cane
3480.jpeg,gallina
4644.jpeg,mucca
2117.jpeg,cane
2671.jpeg,gallina
4931.jpeg,cane
3232.jpeg,cane
4537.jpeg,pecora
3213.jpeg,farfalla
2060.jpeg,elefante
211.jpeg,mucca
1080.jpeg,pecora
3170.jpeg,cavallo
575.jpeg,gallina
2576.jpeg,gallina
1038.jpeg,cane
948.jpeg,scoiattolo
88.jpeg,cane
1926.jpeg,gallina
4170.jpeg,gallina
488.jpeg,cane
1181.jpeg,gallina
1222.jpeg,gallina
3933.jpeg,pecora
3319.jpeg,gallina
3073.jpeg,cane
2645.jpeg,elefante
1645.jpeg,ragno
3157.jpeg,ragno
2077.jpeg,cane
4834.jpeg,pecora
4961.jpeg,cane
2269.jpeg,gallina
1867.jpeg,cavallo
890.jpeg,mucca
2463.jpeg,pecora
1417.jpeg,ragno
1960.jpeg,gallina
2578.jpeg,cane
484.jpeg,gallina
3137.jpeg,cane
3354.jpeg,ragno
265.jpeg,gatto
1033.jpeg,cane
4652.jpeg,cane
2592.jpeg,gallina
4040.jpeg,gallina
3240.jpeg,gallina
962.jpeg,gallina
3557.jpeg,scoiattolo
1705.jpeg,pecora
4199.jpeg,gallina
4311.jpeg,scoiattolo
3058.jpeg,pecora
1750.jpeg,pecora
2900.jpeg,gallina
2262.jpeg,scoiattolo
3751.jpeg,pecora
354.jpeg,farfalla
1043.jpeg,gallina
4881.jpeg,gallina
931.jpeg,pecora
2133.jpeg,gallina
3119.jpeg,farfalla
1587.jpeg,cane
107.jpeg,farfalla
4536.jpeg,gallina
1836.jpeg,farfalla
4490.jpeg,gallina
4080.jpeg,pecora
3479.jpeg,farfalla
75.jpeg,pecora
1416.jpeg,gallina
1284.jpeg,cane
1941.jpeg,cane
4019.jpeg,gallina
3153.jpeg,pecora
4056.jpeg,cane
3767.jpeg,farfalla
1204.jpeg,gallina
2851.jpeg,farfalla
779.jpeg,pecora
3976.jpeg,gallina
1275.jpeg,elefante
2209.jpeg,cane
2976.jpeg,gallina
3250.jpeg,scoiattolo
4060.jpeg,gallina
4449.jpeg,gatto
3857.jpeg,pecora
4919.jpeg,cavallo
1907.jpeg,cavallo
1095.jpeg,mucca
4808.jpeg,cavallo
1950.jpeg,cane
986.jpeg,gallina
4610.jpeg,gallina
1014.jpeg,cane
3226.jpeg,gallina
4857.jpeg,ragno
1754.jpeg,mucca
3121.jpeg,cavallo
669.jpeg,scoiattolo
3387.jpeg,ragno
2719.jpeg,pecora
1659.jpeg,farfalla
2195.jpeg,pecora
2022.jpeg,cavallo
79.jpeg,cane
4142.jpeg,ragno
4804.jpeg,mucca
2794.jpeg,gallina
3858.jpeg,cavallo
2691.jpeg,pecora
4321.jpeg,farfalla
3649.jpeg,ragno
1505.jpeg,pecora
3316.jpeg,pecora
2105.jpeg,cane
2832.jpeg,pecora
3963.jpeg,gallina
4164.jpeg,cane
372.jpeg,pecora
4054.jpeg,pecora
1917.jpeg,gallina
905.jpeg,pecora
2919.jpeg,gallina
2815.jpeg,gallina
4642.jpeg,elefante
2850.jpeg,pecora
1365.jpeg,gallina
1681.jpeg,gallina
1066.jpeg,pecora
791.jpeg,cane
3881.jpeg,mucca
4591.jpeg,elefante
4655.jpeg,pecora
4493.jpeg,ragno
2187.jpeg,cane
1314.jpeg,cane
3559.jpeg,scoiattolo
4232.jpeg,pecora
2994.jpeg,ragno
4977.jpeg,gallina
992.jpeg,cane
1008.jpeg,pecora
2126.jpeg,pecora
221.jpeg,mucca
472.jpeg,ragno
904.jpeg,gallina
1702.jpeg,ragno
141.jpeg,cane
297.jpeg,farfalla
491.jpeg,pecora
3946.jpeg,gallina
2410.jpeg,gallina
2748.jpeg,scoiattolo
1358.jpeg,gallina
3912.jpeg,gallina
3844.jpeg,cane
709.jpeg,gallina
3867.jpeg,cane
3229.jpeg,ragno
3055.jpeg,gallina
4812.jpeg,pecora
2319.jpeg,mucca
1732.jpeg,farfalla
1553.jpeg,pecora
1267.jpeg,gallina
3013.jpeg,scoiattolo
535.jpeg,cane
3826.jpeg,gallina
2415.jpeg,gallina
1285.jpeg,pecora
760.jpeg,gallina
3285.jpeg,gallina
4947.jpeg,cane
3884.jpeg,gallina
267.jpeg,gallina
4373.jpeg,cane
941.jpeg,gallina
369.jpeg,cane
2557.jpeg,mucca
4707.jpeg,mucca
4953.jpeg,gallina
1619.jpeg,gallina
828.jpeg,gallina
591.jpeg,pecora
1062.jpeg,gallina
940.jpeg,scoiattolo
2414.jpeg,cavallo
1290.jpeg,cane
2443.jpeg,elefante
4819.jpeg,gallina
2302.jpeg,scoiattolo
1042.jpeg,cavallo
3333.jpeg,cane
401.jpeg,gallina
2521.jpeg,cane
3869.jpeg,pecora
3829.jpeg,pecora
4565.jpeg,gallina
1518.jpeg,pecora
1383.jpeg,elefante
2332.jpeg,gallina
4574.jpeg,scoiattolo
1925.jpeg,gallina
4039.jpeg,gallina
2951.jpeg,cane
1160.jpeg,gallina
3072.jpeg,scoiattolo
2928.jpeg,farfalla
998.jpeg,pecora
1081.jpeg,cane
3394.jpeg,gallina
4368.jpeg,gallina
4126.jpeg,farfalla
889.jpeg,cavallo
1281.jpeg,gallina
3972.jpeg,cane
1850.jpeg,pecora
1288.jpeg,cane
2283.jpeg,elefante
3176.jpeg,mucca
1237.jpeg,cane
2288.jpeg,mucca
2945.jpeg,cane
4592.jpeg,cane
547.jpeg,scoiattolo
4419.jpeg,mucca
2950.jpeg,mucca
247.jpeg,cane
3140.jpeg,pecora
2692.jpeg,gallina
851.jpeg,gallina
4159.jpeg,mucca
4633.jpeg,mucca
4070.jpeg,cavallo
3507.jpeg,cane
27.jpeg,gallina
1384.jpeg,cane
2351.jpeg,gallina
1820.jpeg,gallina
2136.jpeg,gallina
1103.jpeg,farfalla
1117.jpeg,cane
2662.jpeg,farfalla
1023.jpeg,gallina
2651.jpeg,cane
2194.jpeg,pecora
4715.jpeg,cane
3204.jpeg,cane
1254.jpeg,cane
3146.jpeg,pecora
70.jpeg,cane
2016.jpeg,elefante
3148.jpeg,cane
3811.jpeg,gallina
2421.jpeg,cane
956.jpeg,elefante
3432.jpeg,pecora
2933.jpeg,gallina
91.jpeg,scoiattolo
1389.jpeg,elefante
3792.jpeg,cavallo
4053.jpeg,gallina
4318.jpeg,farfalla
3107.jpeg,cane
4677.jpeg,ragno
4568.jpeg,gallina
1830.jpeg,farfalla
4017.jpeg,farfalla
4457.jpeg,cavallo
2520.jpeg,gallina
4504.jpeg,pecora
218.jpeg,gallina
411.jpeg,gallina
2595.jpeg,gallina
556.jpeg,ragno
2800.jpeg,gallina
234.jpeg,gallina
1738.jpeg,gallina
1004.jpeg,cane
2213.jpeg,pecora
1124.jpeg,gallina
2417.jpeg,scoiattolo
2476.jpeg,cane
2186.jpeg,cavallo
3501.jpeg,farfalla
1698.jpeg,cane
4077.jpeg,pecora
559.jpeg,pecora
2892.jpeg,gallina
1009.jpeg,pecora
4932.jpeg,ragno
4218.jpeg,pecora
4230.jpeg,gallina
1784.jpeg,cane
2798.jpeg,gallina
3944.jpeg,elefante
3736.jpeg,scoiattolo
3606.jpeg,cane
3169.jpeg,gallina
2780.jpeg,pecora
1096.jpeg,gallina
4511.jpeg,farfalla
3177.jpeg,gallina
4627.jpeg,pecora
4893.jpeg,gallina
1688.jpeg,ragno
2869.jpeg,pecora
2046.jpeg,pecora
2089.jpeg,scoiattolo
2860.jpeg,farfalla
2249.jpeg,gallina
142.jpeg,cane
180.jpeg,mucca
1717.jpeg,gallina
299.jpeg,gatto
205.jpeg,farfalla
3600.jpeg,mucca
1527.jpeg,pecora
3877.jpeg,cane
2912.jpeg,gallina
4227.jpeg,pecora
3000.jpeg,cavallo
2083.jpeg,pecora
4549.jpeg,pecora
4939.jpeg,pecora
1731.jpeg,pecora
1165.jpeg,gallina
3454.jpeg,gallina
4413.jpeg,gallina
3833.jpeg,cane
2371.jpeg,pecora
584.jpeg,gallina
1228.jpeg,scoiattolo
2232.jpeg,ragno
2707.jpeg,gallina
508.jpeg,mucca
4956.jpeg,gallina
4759.jpeg,pecora
2241.jpeg,pecora
4064.jpeg,gallina
1445.jpeg,gatto
3979.jpeg,mucca
1851.jpeg,cane
1544.jpeg,cane
2855.jpeg,gallina
3999.jpeg,farfalla
4071.jpeg,farfalla
457.jpeg,gallina
1304.jpeg,gallina
3899.jpeg,scoiattolo
3230.jpeg,cane
1697.jpeg,cane
3086.jpeg,cane
2562.jpeg,gallina
1622.jpeg,ragno
3775.jpeg,cavallo
1839.jpeg,cavallo
4716.jpeg,cane
4092.jpeg,gallina
1249.jpeg,pecora
2674.jpeg,mucca
3949.jpeg,pecora
625.jpeg,cane
4892.jpeg,pecora
2657.jpeg,cane
3700.jpeg,gallina
287.jpeg,cane
4304.jpeg,pecora
4266.jpeg,pecora
4343.jpeg,pecora
2844.jpeg,elefante
2540.jpeg,scoiattolo
3638.jpeg,gatto
350.jpeg,elefante
2858.jpeg,cavallo
4267.jpeg,pecora
4701.jpeg,cane
2647.jpeg,farfalla
1940.jpeg,cane
4455.jpeg,farfalla
4987.jpeg,pecora
3459.jpeg,elefante
2312.jpeg,pecora
134.jpeg,cavallo
4963.jpeg,cane
1565.jpeg,gallina
772.jpeg,pecora
1743.jpeg,pecora
4934.jpeg,gallina
4745.jpeg,gallina
4880.jpeg,mucca
3579.jpeg,pecora
391.jpeg,pecora
4869.jpeg,scoiattolo
3582.jpeg,elefante
1055.jpeg,cane
4984.jpeg,cane
186.jpeg,farfalla
4316.jpeg,cavallo
1807.jpeg,cane
2965.jpeg,pecora
3317.jpeg,pecora
4292.jpeg,farfalla
2565.jpeg,scoiattolo
4781.jpeg,gallina
4353.jpeg,gallina
437.jpeg,cane
4639.jpeg,gallina
2159.jpeg,pecora
2669.jpeg,cane
3595.jpeg,cane
3309.jpeg,gallina
1002.jpeg,farfalla
3706.jpeg,farfalla
2180.jpeg,pecora
4273.jpeg,pecora
3167.jpeg,gallina
1065.jpeg,gallina
1235.jpeg,gallina
4720.jpeg,cavallo
1121.jpeg,gallina
1577.jpeg,gallina
3174.jpeg,mucca
1643.jpeg,gallina
3859.jpeg,gallina
966.jpeg,gallina
3336.jpeg,elefante
4097.jpeg,pecora
1696.jpeg,ragno
1034.jpeg,cane
1118.jpeg,gallina
3325.jpeg,gallina
2890.jpeg,pecora
4260.jpeg,mucca
1646.jpeg,cane
3281.jpeg,gallina
732.jpeg,cane
4735.jpeg,gallina
4403.jpeg,gallina
777.jpeg,gallina
510.jpeg,cavallo
743.jpeg,mucca
3444.jpeg,gallina
592.jpeg,gallina
653.jpeg,gallina
2363.jpeg,gallina
4594.jpeg,cavallo
1488.jpeg,cane
915.jpeg,pecora
2311.jpeg,ragno
4427.jpeg,ragno
477.jpeg,gallina
4179.jpeg,pecora
1766.jpeg,pecora
1452.jpeg,gallina
3625.jpeg,cane
187.jpeg,ragno
4410.jpeg,cavallo
84.jpeg,cavallo
1944.jpeg,cane
4826.jpeg,ragno
2300.jpeg,pecora
4912.jpeg,cane
4500.jpeg,pecora
1852.jpeg,gallina
3410.jpeg,gallina
4484.jpeg,gallina
196.jpeg,gallina
4703.jpeg,gallina
505.jpeg,gallina
1287.jpeg,pecora
4016.jpeg,mucca
993.jpeg,gallina
4648.jpeg,gallina
1167.jpeg,pecora
2779.jpeg,cavallo
4166.jpeg,pecora
3526.jpeg,scoiattolo
1601.jpeg,pecora
1454.jpeg,pecora
4375.jpeg,cane
4670.jpeg,cavallo
7.jpeg,farfalla
4887.jpeg,pecora
35.jpeg,gallina
183.jpeg,gallina
2538.jpeg,gallina
2057.jpeg,pecora
4206.jpeg,pecora
2453.jpeg,gallina
2587.jpeg,cavallo
2846.jpeg,farfalla
1331.jpeg,gallina
1113.jpeg,elefante
1141.jpeg,scoiattolo
1419.jpeg,farfalla
4434.jpeg,gallina
397.jpeg,pecora
3547.jpeg,gallina
4349.jpeg,pecora
4308.jpeg,mucca
818.jpeg,cavallo
4136.jpeg,pecora
2151.jpeg,ragno
1159.jpeg,gallina
3978.jpeg,ragno
2203.jpeg,pecora
229.jpeg,pecora
2821.jpeg,gallina
590.jpeg,farfalla
4007.jpeg,cane
4550.jpeg,farfalla
2749.jpeg,elefante
1682.jpeg,pecora
2051.jpeg,pecora
3607.jpeg,gallina
3993.jpeg,ragno
4383.jpeg,farfalla
2481.jpeg,pecora
2360.jpeg,mucca
2130.jpeg,cane
822.jpeg,gallina
4433.jpeg,gallina
3580.jpeg,gallina
613.jpeg,pecora
4194.jpeg,gallina
4632.jpeg,pecora
4555.jpeg,gallina
2632.jpeg,gallina
4063.jpeg,cane
4291.jpeg,ragno
4177.jpeg,farfalla
101.jpeg,gallina
3184.jpeg,pecora
1465.jpeg,gallina
4247.jpeg,gallina
4981.jpeg,cavallo
1238.jpeg,elefante
1010.jpeg,farfalla
4901.jpeg,pecora
2943.jpeg,ragno
541.jpeg,gallina
1333.jpeg,mucca
1000.jpeg,pecora
852.jpeg,cavallo
2986.jpeg,pecora
1406.jpeg,gallina
3552.jpeg,gallina
4124.jpeg,gallina
46.jpeg,gallina
1802.jpeg,gallina
3305.jpeg,pecora
3937.jpeg,scoiattolo
4426.jpeg,pecora
111.jpeg,farfalla
499.jpeg,mucca
4861.jpeg,pecora
1842.jpeg,cane
671.jpeg,cane
3882.jpeg,cavallo
367.jpeg,cane
3431.jpeg,cane
1560.jpeg,cavallo
2803.jpeg,gallina
959.jpeg,gallina
2973.jpeg,pecora
2309.jpeg,gallina
700.jpeg,cane
2891.jpeg,elefante
2393.jpeg,cane
3671.jpeg,gallina
3405.jpeg,cavallo
3840.jpeg,pecora
2745.jpeg,cane
4784.jpeg,cane
4224.jpeg,farfalla
4424.jpeg,cane
633.jpeg,pecora
1952.jpeg,gallina
2210.jpeg,farfalla
1447.jpeg,cavallo
1936.jpeg,gallina
2053.jpeg,gallina
463.jpeg,gallina
4995.jpeg,pecora
1343.jpeg,scoiattolo
418.jpeg,cane
1876.jpeg,farfalla
1205.jpeg,cavallo
2978.jpeg,pecora
1958.jpeg,mucca
4600.jpeg,pecora
2165.jpeg,gallina
143.jpeg,cane
2622.jpeg,cane
241.jpeg,elefante
1935.jpeg,gallina
138.jpeg,cane
4325.jpeg,gallina
4918.jpeg,pecora
3910.jpeg,pecora
4711.jpeg,gallina
3727.jpeg,mucca
4361.jpeg,farfalla
1596.jpeg,mucca
4809.jpeg,cane
2143.jpeg,mucca
126.jpeg,pecora
438.jpeg,gallina
2066.jpeg,ragno
1613.jpeg,gallina
691.jpeg,cane
2251.jpeg,mucca
622.jpeg,cane
571.jpeg,mucca
3050.jpeg,gallina
481.jpeg,pecora
4927.jpeg,pecora
3011.jpeg,pecora
3847.jpeg,cane
3211.jpeg,cane
2205.jpeg,cane
313.jpeg,gallina
1865.jpeg,gallina
1012.jpeg,pecora
2373.jpeg,scoiattolo
1211.jpeg,pecora
2125.jpeg,elefante
271.jpeg,cavallo
2528.jpeg,pecora
504.jpeg,gallina
4789.jpeg,cavallo
4231.jpeg,cane
1975.jpeg,elefante
1032.jpeg,cane
1971.jpeg,ragno
1916.jpeg,cane
3006.jpeg,pecora
3022.jpeg,pecora
3443.jpeg,cane
4929.jpeg,farfalla
730.jpeg,farfalla
4760.jpeg,mucca
1431.jpeg,gallina
721.jpeg,mucca
3892.jpeg,ragno
752.jpeg,farfalla
409.jpeg,gallina
4832.jpeg,cane
1092.jpeg,cane
4106.jpeg,cane
3715.jpeg,gallina
3780.jpeg,mucca
4558.jpeg,cane
4155.jpeg,cane
1219.jpeg,gallina
1786.jpeg,mucca
3449.jpeg,gatto
2206.jpeg,gallina
1309.jpeg,ragno
646.jpeg,gallina
178.jpeg,elefante
3538.jpeg,cane
2185.jpeg,pecora
102.jpeg,cane
2033.jpeg,cane
3323.jpeg,cane
426.jpeg,pecora
2969.jpeg,pecora
1545.jpeg,gallina
1164.jpeg,farfalla
